business_name,owner_name,niche,website,email,contact_form_url,source,messaged,date_messaged,response
Actioncoach,,business coaching,https://www.actioncoach.us/coaches/actioncoachnw,info@actioncoachnw.com,,google,yes,2026-06-09,pending
Businesscoachchicago,,business coaching,https://www.businesscoachchicago.com/,tomkelly@potentialinmotion.com,,google,yes,2026-06-02,pending
Distinctivecoaching,,business coaching,https://distinctivecoaching.com/,jason@distinctivecoaching.com,,google,yes,2026-06-02,pending
Downtownspokane,,business coaching,https://downtownspokane.org/places/action-coach/,info@downtownspokane.org,,google,yes,,pending
Leadershipcoachgroup,,business coaching,https://www.leadershipcoachgroup.com/top-5-executive-coaching-companies-in-spokane-wa,contact@leadershipcoachgroup.com,,google,yes,2026-06-09,pending
Miick,,business coaching,https://miick.com/small-business-coaching/chicago/,info@miick.com,,google,yes,2026-06-02,pending
Mtnorthcc,,business coaching,https://mtnorthcc.com/,tyler@mtnorthcc.com,,google,yes,2026-06-09,pending
Nwcfo,,business coaching,https://nwcfo.com/executive-coaching/,,https://nwcfo.com/contact-us%20,google,yes,2026-06-12,pending
Orkplaceculturesolutions,,business coaching,https://workplaceculturesolutions.com/manchester-nh-leadership-business-coaching-consultant,1visionary@gmail.com,,google,yes,2026-06-04,pending
Orkwithlitsa,,business coaching,https://workwithlitsa.co.uk/,,https://workwithlitsa.co.uk/contact,google,yes,2026-06-11,pending
Pbsolutions,,business coaching,https://www.wpbsolutions.com/business-coach-spokane/,info@wpbsolutions.com,,google,yes,2026-06-09,pending
Petracoach,,business coaching,https://petracoach.com/,,https://petracoach.com/contact-us-footer/,google,yes,2026-06-13,pending
Spokanevalleychamber,,business coaching,http://spokanevalleychamber.chambermaster.com/list/category/business-coach-63?o=alpha&dm=True,info@spokanevalleychamber.org,,google,yes,,pending
Stephanieweichert,,business coaching,https://stephanieweichert.com/,,https://stephanieweichert.com/contact/,google,yes,2026-06-13,pending
Ukbusinessmentoring,,business coaching,https://www.ukbusinessmentoring.co.uk/business-mentors/paul-clarke,paul@ukbusinessmentoring.co.uk,,google,yes,2026-06-04,pending
AndreaHillPottery,,ceramic pottery,https://andreahillpottery.wixsite.com/andrea-hill-pottery/contact,andreahillpottery@gmail.com,,etsy,yes,2026-06-01,pending
CoastalClayCo,,ceramic pottery,https://coastalclayco.com/,,https://coastalclayco.com/pages/contact,etsy,yes,2026-06-11,pending
Aestheticsbyeimear,,esthetics,https://aestheticsbyeimear.com/,aestheticsbyeimear@gmail.com,,google,yes,2026-06-08,pending
Artisanclinics,,esthetics,https://artisanclinics.com/,,https://artisanclinics.com/about-us,google,yes,2026-06-12,pending
Dermatologynm,,esthetics,https://dermatologynm.com/aesthetic-services/,contact@dermatologynm.com,,google,yes,2026-06-04,pending
Dermhaus,,esthetics,https://www.dermhaus.com.au/,hello@dermhaus.com.au,,google,yes,2026-06-09,pending
Freshskincanvas,,esthetics,https://freshskincanvas.com.au/areas-we-serve/fitzroy/,,https://freshskincanvas.com.au/contact-us/,google,yes,2026-06-12,pending
Gcappado,,esthetics,https://gcappado.wixsite.com/onyx-aesthetics,onyxaestheticsabq@gmail.com,,google,yes,2026-06-04,pending
Glowesthetics,,esthetics,https://www.glowesthetics.co/,mayra0518@gmail.com,,google,yes,2026-06-04,pending
Lesleyswor,,esthetics,https://www.lesleyswor.com/clementine-esthetics,,https://www.lesleyswor.com/contact,google,yes,2026-06-12,pending
Medspaalbuquerque,,esthetics,https://medspaalbuquerque.com/,info@abqmedicalspa.com,,google,yes,2026-06-04,pending
Oleanderaesthetics,,esthetics,https://oleanderaesthetics.com/,,https://oleanderaesthetics.com/contact/,google,yes,2026-06-14,pending
Sagebeauty,,esthetics,https://sagebeauty.com.au/,info@sagebeauty.com.au,,google,yes,2026-06-09,pending
Sinyderm,,esthetics,https://www.sinyderm.com/contents/offices/west-village-new-york/,,https://www.sinyderm.com/contact-us/,google,yes,2026-06-12,pending
Skinscienceabq,,esthetics,https://www.skinscienceabq.com/,info@skinscienceabq.com,,google,yes,2026-06-04,pending
Solsticeskin,,esthetics,https://www.solsticeskin.com.au/,info@solsticeskin.com.au,,google,yes,2026-06-08,pending
Spaderma,,esthetics,https://spaderma.com/pages/locations/lincoln-park?srsltid=AfmBOorIdH9sKgL_IzzdikV00hopc3EGeABMao97OkOvLutMk4FgqWX5,adisa@spaderma.com,,google,yes,2026-06-10,pending
Thebeautyhousebondi,,esthetics,https://thebeautyhousebondi.com.au/,thebeautyhousebondi@hotmail.com,,google,yes,2026-06-08,pending
Theclinicbondi,,esthetics,https://theclinicbondi.com.au/,contact@theclinicbondi.com.au,,google,yes,2026-06-08,pending
Theportlandesthetician,,esthetics,https://theportlandesthetician.glossgenius.com/,,https://theportlandesthetician.glossgenius.com/contact,google,yes,2026-06-12,pending
Au,,event planning,https://au.seek.com/event-coordinator-jobs/in-Bondi-Beach-NSW-2026,,https://au.employer.seek.com/contactus,google,yes,2026-06-12,pending
Blockclubchicago,,event planning,https://blockclubchicago.org/2019/04/17/exchange-312-opening-in-wicker-park-a-new-community-venue-from-the-founding-staff-of-chop-shop/,hannah@blockclubchi.org,,google,yes,2026-06-12,pending
Fatpourtapworks,,event planning,https://fatpourtapworks.com/wicker-park/private-parties/holiday-parties-at-fatpour-wicker-park/,info@fatpourwickerpark.com,,google,yes,2026-06-12,pending
Ickedbucks,,event planning,https://wickedbucks.com.au/top-wedding-planning-companies-sydney/,,https://wickedbucks.com.au/contact-us/,google,yes,2026-06-12,pending
Ickerparkinn,,event planning,https://www.wickerparkinn.com/events,info@wickerparkinn.com,,google,yes,2026-06-12,pending
Lolaeventproductions,,event planning,https://lolaeventproductions.com/,info@lolaeventproductions.com,,google,yes,2026-06-12,pending
Premierpartyplanners,,event planning,https://premierpartyplanners.com/,,https://premierpartyplanners.com/contact-wedding-planner-raleigh/,google,yes,2026-06-12,pending
Thefarmsoho,,event planning,https://www.thefarmsoho.com/blog/best-event-planners-in-seattle/,,https://www.thefarmsoho.com/get-in-touch/,google,yes,2026-06-12,pending
ThePureScent,,handmade candles,https://thepurescent.com/?srsltid=AfmBOoqMMuYUy8UV098Csclnr-7at8dy51rdPpD_ngMSg5l19w3-N1bD,,https://thepurescent.com/pages/contact,etsy,yes,2026-06-11,pending
EmkaJewelry,,handmade jewelry,https://emkajewelry.com/?srsltid=AfmBOooqisJUO2aS-2FcBzRNu5CmXiTQEFKw7pnMPaViJa0Pm5vN7O75,,https://emkajewelry.com/pages/contact-us,etsy,yes,2026-06-11,pending
FiligranUSA,,handmade jewelry,https://filigranist.com/pages/shop-with-confidence-at-our-etsy-and-amazon-stores?srsltid=AfmBOopl8DDxYXqWcLUS4ajMQTnjzbgi26n9Asx2JJP0Q1nTHMJiwOje,info@filigranist.com,,etsy,yes,2026-06-01,pending
bottledupdesigns,,handmade jewelry,https://bottledupdesigns.com/?srsltid=AfmBOoqlF62dtcYkghxe4zrMQMoedsa5B9xxsSvDSOpN2NndZ11RQ5oT,,https://bottledupdesigns.com/pages/contact-us,etsy,yes,2026-06-11,pending
Amyvermillion,,interior design,https://www.amyvermillion.com/,info@amyvermillion.com,,google,yes,2026-06-04,pending
Annepulliaminteriors,,interior design,https://www.annepulliaminteriors.com/,,https://www.annepulliaminteriors.com/contact,google,yes,2026-06-12,pending
Artisticinteriordesign,,interior design,https://artisticinteriordesign.com/,,https://artisticinteriordesign.com/contact/,google,yes,2026-06-12,pending
Catherinejordandesign,,interior design,https://www.catherinejordandesign.com/about,cathy@catherinejordandesign.com,,google,yes,2026-06-12,pending
Danamckennadesigns,,interior design,https://www.danamckennadesigns.com/,info@danamckennadesigns.com,,google,yes,2026-06-12,pending
Decorilla,,interior design,https://www.decorilla.com/online-decorating/richmond-va-interior-designers-near-me/,help@decorilla.com,,google,yes,2026-06-12,pending
Emeraldoakdesign,,interior design,https://emeraldoakdesign.com/,,https://emeraldoakdesign.com/contact,google,yes,2026-06-11,pending
Gemmawrightdesign,,interior design,https://www.gemmawrightdesign.co.uk/,gemma@gemmawrightdesign.co.uk,,google,yes,2026-06-14,pending
Kathrynlillyinteriors,,interior design,https://kathrynlillyinteriors.com/,hello@kathrynlillyinteriors.com,,google,yes,2026-06-04,pending
Kcreative,,interior design,https://www.kcreative.com.au/about/,,https://www.kcreative.com.au/contact/,google,yes,2026-06-12,pending
Kennethbyrddesign,,interior design,https://www.kennethbyrddesign.com/,info@kennethbyrddesign.com,,google,yes,2026-06-12,pending
Laurennicoleinc,,interior design,https://laurennicoleinc.com/,laurennicoleinc@gmail.com,,google,yes,2026-06-06,pending
Peopleandspaces,,interior design,https://www.peopleandspaces.co.uk/,emilie@peopleandspaces.co.uk,,google,yes,2026-06-14,pending
Rappahannock,,interior design,https://www.rappahannock.co/pros/virginia/richmond/interior-designers,,https://www.rappahannock.co/contact,google,yes,2026-06-12,pending
Sarahillery,,interior design,https://www.sarahillery.com/,sara@sarahillery.com,,google,yes,2026-06-12,pending
Seansymington,,interior design,https://seansymington.com/interior-designer-bristol/,sean@seansymingtondesign.com,,google,yes,2026-06-14,pending
Amandarobinspsychotherapy,,life coaching,https://www.amandarobinspsychotherapy.com.au/north-fitzroy-counselling,info@amandarobinspsychotherapy.com,,google,yes,2026-06-09,pending
Annabaylis,,life coaching,https://www.annabaylis.com.au/about-life-coach-anna-baylis/,info@annabaylis.com.au,,google,yes,2026-06-09,pending
Coachmonique,,life coaching,https://www.coachmonique.com/,monique@coachmonique.com,,google,yes,2026-06-02,pending
Drbettina,,life coaching,https://drbettina.com/service/life-coaching/,,https://drbettina.com/contact,google,yes,2026-06-12,pending
Dunlapandassociatescounseling,,life coaching,https://www.dunlapandassociatescounseling.com/life-coaching,dunlapandassociates@gmail.com,,google,yes,2026-06-02,pending
Endylynne,,life coaching,https://wendylynne.com/,wendy@wendylynne.com,,google,yes,2026-06-02,pending
Hedberglpc,,life coaching,https://www.hedberglpc.com/,,https://www.hedberglpc.com/contact,google,yes,2026-06-12,pending
Innerwisdomseattle,,life coaching,https://innerwisdomseattle.com/,innerwisdomseattle@gmail.com,,google,yes,2026-06-04,pending
Janinedowlingcoaching,,life coaching,https://www.janinedowlingcoaching.com/,,https://www.janinedowlingcoaching.com#contact,google,yes,2026-06-11,pending
Jessicaknightcoaching,,life coaching,https://jessicaknightcoaching.com/,jessica@jessicaknightcoaching.com,,google,yes,2026-06-04,pending
Jonosborne,,life coaching,https://jonosborne.com.au/about,jon@jonosborne.com.au,,google,yes,2026-06-09,pending
Juliebristow,,life coaching,https://juliebristow.au/life-coaching-fitzroy/,coaching@juliebristow.au,,google,yes,2026-06-09,pending
Kimchilds,,life coaching,https://kimchilds.com/,kim@kimchilds.com,,google,yes,2026-06-04,pending
Lifecoachhub,,life coaching,https://lifecoachhub.com/life-coach-san-diego-california/,,https://lifecoachhub.com/contact-us/,google,yes,2026-06-12,pending
Lifetutors,,life coaching,https://lifetutors.com/,,https://lifetutors.com/contact/,google,yes,2026-06-12,pending
Nicolecweiss,,life coaching,https://www.nicolecweiss.com/,,https://www.nicolecweiss.com/contact/,google,yes,2026-06-12,pending
Nicolevirtue,,life coaching,https://www.nicolevirtue.com/,nicole@nicolevirtue.com,,google,yes,2026-06-04,pending
Samaritancounseling,,life coaching,https://www.samaritancounseling.net/life-coaching,info@samaritancounseling.net,,google,yes,2026-06-02,pending
Scottsdalerecovery,,life coaching,https://scottsdalerecovery.com/programs/life-skills-coaching/,,https://scottsdalerecovery.com/contact,google,yes,2026-06-12,pending
Shealmighty,,life coaching,https://shealmighty.com/life-coach-notting-hill,,https://shealmighty.com/contact-us,google,yes,2026-06-12,pending
Vanessamarielifecoach,,life coaching,https://www.vanessamarielifecoach.com/locations/boston,,https://www.vanessamarielifecoach.com/contact,google,yes,2026-06-11,pending
Albuquerque Massagetherapy,,massage therapy,https://albuquerque-massagetherapy.com/,,https://albuquerque-massagetherapy.com/location-contact-us/,google,yes,2026-06-12,pending
Ascendmassagedc,,massage therapy,https://ascendmassagedc.com/,ascendmassagedc@gmail.com,,google,yes,2026-06-06,pending
Bettysbath,,massage therapy,https://www.bettysbath.com/spa-services/massage,,https://www.bettysbath.com/contact-us/email#getInTouch,google,yes,2026-06-12,pending
Bewellboston,,massage therapy,https://www.bewellboston.com/,info@bewellboston.com,,google,yes,2026-06-08,pending
Blueskythaimassage,,massage therapy,https://www.blueskythaimassage.com.au/,,https://www.blueskythaimassage.com.au/contact,google,yes,2026-06-12,pending
Dreamclinic,,massage therapy,https://dreamclinic.com/,,https://dreamclinic.com/contact-us/,google,yes,2026-06-12,pending
Dupontcirclebid,,massage therapy,https://dupontcirclebid.org/go/wg-wellness,info@dupontcirclebid.org,,google,yes,,pending
Ellnessinmotionboston,,massage therapy,https://www.wellnessinmotionboston.com/massage,info@wellnessinmotionboston.com,,google,yes,2026-06-08,pending
Ellsstbodyworks,,massage therapy,https://www.wellsstbodyworks.com.au/,,https://www.wellsstbodyworks.com.au/contact.html,google,yes,2026-06-12,pending
Eyestreet Massage,,massage therapy,https://eyestreet-massage.com/,therapy@eyestreet-massage.com,,google,yes,2026-06-06,pending
Ivomassage,,massage therapy,https://www.ivomassage.com/,tmivong@hotmail.com,,google,yes,2026-06-06,pending
Locations,,massage therapy,https://locations.massageenvy.com/new-york/brooklyn/470-4th-ave.html,,https://www.inmoment.com/websurvey/app?gateway=massageenvycontactus,google,yes,2026-06-12,pending
Massagetherapyofboston,,massage therapy,https://massagetherapyofboston.com/,ali@massagetherapyofboston.com,,google,yes,2026-06-08,pending
Seattlemassagetherapy,,massage therapy,https://www.seattlemassagetherapy.net/,,https://www.seattlemassagetherapy.net/contact,google,yes,2026-06-12,pending
Jessicasheaffer,,mindset coaching,https://www.jessicasheaffer.com/,soulcoachjessica@gmail.com,,google,yes,2026-06-14,pending
Realignandthrive,,mindset coaching,https://www.realignandthrive.com/,,https://www.realignandthrive.com/contact,google,yes,2026-06-14,pending
Ultralifecoach,,mindset coaching,https://ultralifecoach.com/,,https://ultralifecoach.com#contact,google,yes,2026-06-14,pending
Ariaintegrativehealth,,nutrition coaching,https://ariaintegrativehealth.com/services/nutritionists-in-denver/,,https://ariaintegrativehealth.com/contact/,google,yes,2026-06-14,pending
Austincounselingnutrition,,nutrition coaching,https://www.austincounselingnutrition.com/nutritionist-austin-tx,,https://www.austincounselingnutrition.com/eating-disorder-treatment-contact,google,yes,2026-06-12,pending
Bmc,,nutrition coaching,https://www.bmc.org/departments/nutrition-and-weight-management,ahrqmoonstudy@gmail.com,,google,yes,2026-06-12,pending
Brighamandwomens,,nutrition coaching,https://www.brighamandwomens.org/patients-and-families/meals-and-nutrition/our-staff,,https://www.brighamandwomens.org/patients-and-families/meals-and-nutrition/contact-us,google,yes,2026-06-12,pending
Brisbanenutrition,,nutrition coaching,https://brisbanenutrition.com.au/,,https://brisbanenutrition.com.au/contact-us/,google,yes,2026-06-12,pending
Cooperfxnlhealth,,nutrition coaching,https://www.cooperfxnlhealth.com/nutritional-counseling/,,https://www.cooperfxnlhealth.com/contact-us/,google,yes,2026-06-14,pending
Eatrightwashington,,nutrition coaching,https://www.eatrightwashington.org/seattle/page/find-a-nutritionist,shannon@islandnutrition.studio,,google,yes,2026-06-06,pending
Fitzroynorthmedical,,nutrition coaching,https://fitzroynorthmedical.com.au/team/brendan/,,https://fitzroynorthmedical.com.au/contact,google,yes,2026-06-12,pending
Gingerhultinnutrition,,nutrition coaching,https://gingerhultinnutrition.com/,ginger@gingerhultinnutrition.com,,google,yes,2026-06-08,pending
Greaterbostonnutrition,,nutrition coaching,https://www.greaterbostonnutrition.com/,erin@greaterbostonnutrition.com,,google,yes,2026-06-12,pending
Healthcenter1,,nutrition coaching,https://healthcenter1.com/nutrition-counseling/,,https://healthcenter1.com/contact-us/,google,yes,2026-06-14,pending
Idealnutrition,,nutrition coaching,https://www.idealnutrition.com.au/,,https://www.idealnutrition.com.au/contact/,google,yes,2026-06-12,pending
Ilfongnutrition,,nutrition coaching,https://www.wilfongnutrition.com/,anne@wilfongnutrition.com,,google,yes,2026-06-10,pending
Mq,,nutrition coaching,https://www.wmq.org.au/wellbeing/dietician,,https://www.wmq.org.au/contact,google,yes,2026-06-12,pending
Nourish,,nutrition coaching,https://www.nourish.com/local-dietitians/boston-massachusetts,info@ilivewellnutrition.com,,google,yes,2026-06-12,pending
Sparkmannutrition,,nutrition coaching,https://sparkmannutrition.com/,info@sparkmannutrition.com,,google,yes,2026-06-10,pending
Stdavids,,nutrition coaching,https://www.stdavids.com/specialties/nutrition-services,,https://www.stdavids.com/contact-us,google,yes,2026-06-12,pending
Sunrise Nutrition,,nutrition coaching,https://www.sunrise-nutrition.com/,hello@sunrise-nutrition.com,,google,yes,2026-06-06,pending
Texnutrition,,nutrition coaching,https://texnutrition.com/,brenda@texnutrition.com,,google,yes,2026-06-09,pending
Treeoflifenutrition,,nutrition coaching,https://treeoflifenutrition.com.au/,,https://treeoflifenutrition.com.au/contact-us/,google,yes,2026-06-12,pending
Nationalpti,,personal training,https://nationalpti.org/school/tucson-az/,,https://nationalpti.org/contact/,google,yes,2026-06-13,pending
Abqnevertoolatecounseling,,relationship coaching,https://www.abqnevertoolatecounseling.com/,,https://www.abqnevertoolatecounseling.com/#contact,google,yes,2026-06-14,pending
Relationship Works,,relationship coaching,https://relationship-works.net/,elissa@relationship-works.net,,google,yes,2026-06-14,pending
Antoinegordontherapy,,therapy,https://antoinegordontherapy.co.uk/,,https://antoinegordontherapy.co.uk#Contact,google,yes,2026-06-12,pending
Brisbanecitypsychologist,,therapy,https://www.brisbanecitypsychologist.com.au/,,https://www.brisbanecitypsychologist.com.au/contact-us/,google,yes,2026-06-12,pending
Creativefamilycounseling,,therapy,https://creativefamilycounseling.org/,,https://creativefamilycounseling.org/contact-us/,google,yes,2026-06-14,pending
Freyalatimer,,therapy,https://freyalatimer.com/,,https://freyalatimer.com#contact,google,yes,2026-06-14,pending
Integral Therapy,,therapy,http://www.integral-therapy.com/credentials,davidgustafthompson@gmail.com,,google,yes,2026-06-02,pending
Ithgracetherapy,,therapy,https://withgracetherapy.com.au/,hello@withgracetherapy.com.au,,google,yes,2026-06-06,pending
Kentuckycounselingcenter,,therapy,https://kentuckycounselingcenter.com/kentucky-counseling-center/louisville/,,https://kentuckycounselingcenter.com/contact,google,yes,2026-06-14,pending
Littlewindow,,therapy,https://www.littlewindow.com.au/,info@littlewindow.com.au,,google,yes,2026-06-06,pending
Meadowbrookcounseling,,therapy,https://www.meadowbrookcounseling.com/location/seattle-wa-counseling-therapy-services,,https://www.meadowbrookcounseling.com/contact,google,yes,2026-06-14,pending
Newhopecounselingsite,,therapy,https://newhopecounselingsite.com/,,https://newhopecounselingsite.com/contact/,google,yes,2026-06-14,pending
Pynkhealth,,therapy,https://pynkhealth.com.au/female-psychologist-brisbane/,info@pynkhealth.com.au,,google,yes,2026-06-06,pending
Saltycounseling,,therapy,https://www.saltycounseling.com/,,https://www.saltycounseling.com/contact,google,yes,2026-06-11,pending
Sophieworthingtonpsychotherapy,,therapy,https://sophieworthingtonpsychotherapy.co.uk/,,https://sophieworthingtonpsychotherapy.co.uk#contact,google,yes,2026-06-12,pending
Theawarenesscentre,,therapy,https://theawarenesscentre.com/,,https://theawarenesscentre.com/contact-us/,google,yes,2026-06-14,pending
Therapy Mn,,therapy,https://www.therapy-mn.com/,info@therapy-mn.com,,google,yes,2026-06-02,pending
Alyssanikolephotography,,wedding photography,https://alyssanikolephotography.com/,hello@alyssanikolephotography.com,,google,yes,2026-06-10,pending
Aprilmaecreative,,wedding photography,https://aprilmaecreative.com/,april@aprilmaecreative.com,,google,yes,2026-06-10,pending
Brookmadephotography,,wedding photography,https://www.brookmadephotography.com/,hello@brookmade.com,,google,yes,2026-06-08,pending
Brookshire,,wedding photography,https://brookshire.biz/blog/columbus-wedding-photographers/,brookshire@btts.biz,,google,yes,2026-06-08,pending
Caratsandcake,,wedding photography,https://caratsandcake.com/wedding-vendors/massachusetts/boston/wedding-photographers,hello@caratsandcake.com,,google,yes,2026-06-10,pending
Carolinewinnphotography,,wedding photography,https://carolinewinnphotography.com/,carolinewinnphotography@gmail.com,,google,yes,2026-06-10,pending
Emilyboone,,wedding photography,https://emilyboone.com/,emily@emilyboone.com,,google,yes,2026-06-10,pending
Katemcelweephotography,,wedding photography,https://katemcelweephotography.com/,amelie@provence.com,,google,yes,2026-06-12,pending
Kaylasnell,,wedding photography,https://www.kaylasnell.com/,kayla@kaylasnell.com,,google,yes,2026-06-10,pending
Melissarobottiphotography,,wedding photography,https://melissarobottiphotography.com/boston-weddings/,melissarobottiphoto@gmail.com,,google,yes,2026-06-10,pending
Rhphotography,,wedding photography,https://wrhphotography.com/hoboken-jersey-city-engagement-session/,,https://wrhphotography.com/contact/,google,yes,2026-06-12,pending
Robbmccormick,,wedding photography,https://robbmccormick.com/,info@robbmccormick.com,,google,yes,2026-06-08,pending
Starling Studio,,wedding photography,https://www.starling-studio.com/,info@starling-studio.com,,google,yes,2026-06-08,pending
Twotwentytwophotography,,wedding photography,https://www.twotwentytwophotography.com/,info@twotwentytwophotography.com,,google,yes,2026-06-08,pending
Behotyogaatlanta,,yoga,https://www.behotyogaatlanta.com/teachers,info@behotyogaatlanta.com,,google,yes,2026-06-02,pending
Elementyogaatl,,yoga,https://elementyogaatl.com/our-teachers/,info@elementyogaatl.com,,google,yes,2026-06-02,pending
Isoyogastudio,,yoga,https://www.isoyogastudio.com/,info@isoyogastudio.com,,google,yes,2026-06-02,pending
Satiyogawellness,,yoga,https://www.satiyogawellness.com/,info@satiyogawellness.com,,google,yes,2026-06-02,pending
Alliancembs,,business coaching,https://www.alliancembs.manchester.ac.uk/study/executive-education/executive-coaching/,ambs.hub@manchester.ac.uk,,google,no,,pending
Bbb,,business coaching,https://www.bbb.org/us/wa/spokane/category/business-coach,,https://www.bbb.org/about,google,no,,pending
Bbb,,business coaching,https://www.bbb.org/us/co/brighton/category/business-coach,,https://www.bbb.org/about,google,no,,pending
Biancamiller,,business coaching,https://www.biancamiller.uk/edinburgh/,bookings@biancamiller.uk,,google,no,,pending
Biancamiller,,business coaching,https://www.biancamiller.uk/business-coaching-manchester/,bookings@biancamiller.uk,,google,no,,pending
Business School,,business coaching,https://www.business-school.ed.ac.uk/about/coaching-culture,accounts@business-school.ed.ac.uk,,google,no,,pending
Businesscoachscotland,,business coaching,https://www.businesscoachscotland.co.uk/,info@businesscoachscotland.co.uk,,google,no,,pending
Carolinejorycoaching,,business coaching,https://www.carolinejorycoaching.co.uk/,,https://www.carolinejorycoaching.co.uk/about,google,no,,pending
Christieberger,,business coaching,https://www.christieberger.com/,info@christieberger.com,,google,no,,pending
Ellcoachedconsulting,,business coaching,https://www.wellcoachedconsulting.com/about,chris@wellcoachedconsulting.com,,google,no,,pending
Executive Coaching,,business coaching,https://executive-coaching.co.uk/our-coaches/kirsty-mcwilliam,info@executive-coaching.co.uk,,google,no,,pending
Gosucceed,,business coaching,https://gosucceed.co.uk/,gary@gosucceed.co.uk,,google,no,,pending
Jeremyjacobs,,business coaching,https://jeremyjacobs.co.uk/,jeremy@jeremyjacobs.co.uk,,google,no,,pending
Joannegrobbelaar,,business coaching,https://joannegrobbelaar.com/1-to-1-coaching/,,https://joannegrobbelaar.com/contact/,google,no,,pending
Joannegrobbelaar,,business coaching,https://joannegrobbelaar.com/1-to-1-coaching/,,https://joannegrobbelaar.com/contact/,google,no,,pending
Leadershipcoachgroup,,business coaching,https://www.leadershipcoachgroup.com/top-5-executive-coaching-companies-in-nashville-tn,contact@leadershipcoachgroup.com,,google,no,,pending
Lojcoaching,,business coaching,https://www.lojcoaching.com/,laura@lojcoaching.com,,google,no,,pending
Thejoyofbusiness,,business coaching,https://www.thejoyofbusiness.co.uk/julia-chanteray/,julia@thejoyofbusiness.co.uk,,google,no,,pending
Tr,,business coaching,https://tr.growthcoach.co.uk/,connect@growthcoach.co.uk,,google,no,,pending
Clayinmotion,,ceramic pottery,https://www.clayinmotion.com/collections/all-products?srsltid=AfmBOooV3MIJQFQEffBRrc2FxwSdrM2KAQ6ccQcrPhX22L7p3g0kdXib,info@clayinmotion.com,,google,no,,pending
Francanyc,,ceramic pottery,https://www.francanyc.com/,info@francanyc.com,,google,no,,pending
Homesteadprinceton,,ceramic pottery,https://homesteadprinceton.com/collections/handmade-pottery,info@homesteadprinceton.com,,google,no,,pending
Wheelandslab,,ceramic pottery,https://www.wheelandslab.com/news-and-updates/5-great-places-to-shop-for-handmade-ceramics-in-rochester-ny,pottery@wheelandslab.com,,google,no,,pending
Angelaestheticsclinic,,esthetics,https://angelaestheticsclinic.com.au/,,https://angelaestheticsclinic.com.au/get-in-touch,google,no,,pending
Australianskinclinics,,esthetics,https://australianskinclinics.com.au/clinics/qld/brisbane-cbd/,,https://australianskinclinics.com.au/contact,google,no,,pending
Cloudaesthetics,,esthetics,https://cloudaesthetics.au/our-services/,info@cloudaesthetics.au,,google,no,,pending
Elevateskinkc,,esthetics,https://elevateskinkc.com/,sara@elevateskinkc.com,,google,no,,pending
Elmspanyc,,esthetics,https://elmspanyc.com/,,https://elmspanyc.com/Contact,google,no,,pending
Fresha,,esthetics,https://www.fresha.com/lp/en/tt/microdermabrasion/in/au-melbourne/fitzroy,,https://www.fresha.com/contact-us,google,no,,pending
Freshfacesrx,,esthetics,https://freshfacesrx.com/,,https://freshfacesrx.com/about,google,no,,pending
Glowtoxnyc,,esthetics,https://www.glowtoxnyc.com/blogs/from-west-village-to-union-square-the-aesthetic-clinic-in-manhattan-everyones-whispering-about,info@glowtoxnyc.com,,google,no,,pending
Greatskinkc,,esthetics,https://greatskinkc.com/,in**@*********kc.com,,google,no,,pending
Mbeauty,,esthetics,https://mbeauty.studio/med-spa-west-village/,marketingteam@realdrseattle.com,,google,no,,pending
Northsidedermatology,,esthetics,https://northsidedermatology.com.au/about/our-locations/fitzroy/,cosmetic@northsidedermatology.com.au,,google,no,,pending
Oldtownmedspa,,esthetics,https://www.oldtownmedspa.com/,,https://www.oldtownmedspa.com/contact/,google,no,,pending
Portlandesthetic,,esthetics,https://www.portlandesthetic.com/,,https://www.portlandesthetic.com/contact-us,google,no,,pending
Spajolieny,,esthetics,https://www.spajolieny.com/,spajolieny@yahoo.com,,google,no,,pending
Spectrumlasertraining,,esthetics,https://www.spectrumlasertraining.com/,,https://www.spectrumlasertraining.com/contact,google,no,,pending
Timeforbeautyfitzroy,,esthetics,https://timeforbeautyfitzroy.setmore.com/,timeforbeautyfitzroy@gmail.com,,google,no,,pending
Accent Dmc,,event planning,https://accent-dmc.com/,info@accent-dmc.com,,google,no,,pending
Airtasker,,event planning,https://www.airtasker.com/au/services/events/,,https://www.airtasker.com/contact,google,no,,pending
Aisleanddaisy,,event planning,https://aisleanddaisy.com/,hello@aisleanddaisy.com,,google,no,,pending
Amandapriceevents,,event planning,https://www.amandapriceevents.com/,hello@amandapriceevents.com,,google,no,,pending
Bishopmccann,,event planning,https://bishopmccann.com/,,https://bishopmccann.com/about,google,no,,pending
Burghbrides,,event planning,https://burghbrides.com/vendor-type/wedding-planners/,hello@burghbrides.com,,google,no,,pending
Byyoursideevents Pnw,,event planning,https://www.byyoursideevents-pnw.com/,info@byyoursideevents-pnw.com,,google,no,,pending
Calicoweddings,,event planning,https://www.calicoweddings.com/,info@calicoweddings.com,,google,no,,pending
Callunaevents,,event planning,https://callunaevents.com/,hello@callunaevents.com,,google,no,,pending
Ccsevents,,event planning,https://www.ccsevents.com/,colleen@ccsevents.com,,google,no,,pending
Clandestine Events,,event planning,https://clandestine-events.com/new-orleans-executive-offsite/,kelley@clandestine-events.com,,google,no,,pending
Crescentmoonevents,,event planning,https://crescentmoonevents.com/,kristen@crescentmoonevents.com,,google,no,,pending
Daysliketheseevents,,event planning,https://www.daysliketheseevents.com/,hello@daysliketheseevents.com,,google,no,,pending
Delilah,,event planning,https://www.delilah.events/,sarah@delilah.events,,google,no,,pending
Downtownspokane,,event planning,https://downtownspokane.org/partner-services/event-planning/,info@downtownspokane.org,,google,no,,pending
Elizabethflakeevents,,event planning,https://www.elizabethflakeevents.com/,,https://www.elizabethflakeevents.com/about,google,no,,pending
Eventexperience,,event planning,https://www.eventexperience.com/,hello@eventexperience.com,,google,no,,pending
Eventgroupproductions,,event planning,https://eventgroupproductions.com/,info@eventgroupproductions.com,,google,no,,pending
Eventsbyellekc,,event planning,https://www.eventsbyellekc.com/,theellegirls@eventsbyellekc.com,,google,no,,pending
Eventsoutsourced,,event planning,https://eventsoutsourced.com.au/,info@eventsoutsourced.com.au,,google,no,,pending
Eventsuccessnw,,event planning,https://www.eventsuccessnw.com/,contact@nweventsuccess.com,,google,no,,pending
Eversevents,,event planning,https://www.eversevents.com/,info@eversevents.org,,google,no,,pending
Everymomentevents,,event planning,https://www.everymomentevents.com/,carrie@everymomentevents.com,,google,no,,pending
Francissylvest,,event planning,https://francissylvest.com/boulder-wedding-planners/,amanda@slater-events.com,,google,no,,pending
Girlabouttown,,event planning,https://www.girlabouttown.org/,events@girlabouttown.org,,google,no,,pending
Glintevents,,event planning,https://www.glintevents.com/,hello@glintevents.com,,google,no,,pending
Helloproductions,,event planning,https://helloproductions.com/,ashley@helloproductions.com,,google,no,,pending
Info,,event planning,https://info.npconnect.org/list/category/event-planning-management-23,info@npconnect.org,,google,no,,pending
Kaylacookevents,,event planning,https://www.kaylacookevents.com/events,info@kaylacookevents.com,,google,no,,pending
Kceventcompany,,event planning,https://www.kceventcompany.com/,info@kceventcompany.com,,google,no,,pending
Kcweddingplanner,,event planning,https://kcweddingplanner.com/,sarah@kcweddingplanner.com,,google,no,,pending
Leloftchicago,,event planning,https://leloftchicago.com/blog/chic-loft-wedding-venue-wicker-park/,,https://leloftchicago.com/contact/,google,no,,pending
Littleraleighparty,,event planning,https://littleraleighparty.com/,hello@littleraleighparty.com,,google,no,,pending
Lkeventsanddesign,,event planning,https://lkeventsanddesign.com/,hello@lkeventsanddesign.com,,google,no,,pending
Mandymarieevents,,event planning,https://www.mandymarieevents.com/,hello@mandymarieevents.com,,google,no,,pending
Meetingtomorrow,,event planning,https://meetingtomorrow.com/raleigh/corporate-event-planning/,rfp@meetingtomorrow.com,,google,no,,pending
Michellenorwood,,event planning,https://michellenorwood.com/,michelle@michellenorwood.com,,google,no,,pending
Moderngraceevents,,event planning,https://www.moderngraceevents.com/,jessica@moderngraceevents.com,,google,no,,pending
Nolaeventplanners,,event planning,https://www.nolaeventplanners.com/,,https://www.nolaeventplanners.com/contact-us,google,no,,pending
Partiesonpurpose,,event planning,https://partiesonpurpose.com/,info@partiesonpurpose.com,,google,no,,pending
Partyonbutler,,event planning,https://www.partyonbutler.com/pages/event-planning?srsltid=AfmBOopRD8ynBzJMfgOEI4dDC8ovcJi_B9hMPImUrhiGvvr-c4yQBn0D,contact@partyonbutler.com,,google,no,,pending
Perfectlyplannedbyshari,,event planning,https://perfectlyplannedbyshari.com/,info@perfectlyplannedbyshari.com,,google,no,,pending
Pinkblossomevents,,event planning,https://pinkblossomevents.com/seattle-party-event-planning/,info@pinkblossomevents.com,,google,no,,pending
Pra,,event planning,https://pra.com/about-us/contact-us/new-orleans,hannah.wagner@pra.com,,google,no,,pending
Revelweddingco,,event planning,https://revelweddingco.com/,connect@revelweddingco.com,,google,no,,pending
Rootandgatherevents,,event planning,https://rootandgatherevents.com/services,alaina@rootandgatherevents.com,,google,no,,pending
Samanthaburkeevents,,event planning,https://samanthaburkeevents.squarespace.com/amanda-and-anthonys-bondi-beach-wedding,info@samanthaburkeevents.com,,google,no,,pending
Somethingfabulousweddings,,event planning,https://somethingfabulousweddings.com/,somethingfabulousweddings@gmail.com,,google,no,,pending
Stagandlilyevent,,event planning,https://stagandlilyevent.co/,nicole@stagandlilyevent.co,,google,no,,pending
The101,,event planning,https://the101.828venues.com/services/planning/,party@the101.828venues.com,,google,no,,pending
Thegatheringco,,event planning,https://thegatheringco.us/,,https://thegatheringco.us/about,google,no,,pending
Thehiveweddingco,,event planning,https://www.thehiveweddingco.com/,,https://www.thehiveweddingco.com/about,google,no,,pending
Thescottsdaleliving,,event planning,https://thescottsdaleliving.com/publications/party-planning-event-planners/,info@thescottsdaleliving.com,,google,no,,pending
Veilevents,,event planning,https://veilevents.com/,lindsay.veilevents@gmail.com,,google,no,,pending
Visitkc,,event planning,https://www.visitkc.com/listings/category/event-planners/,,https://www.visitkc.com/contact/,google,no,,pending
Albuquerqueflorist,,floristry,https://www.albuquerqueflorist.com/?srsltid=AfmBOop9u9GQETzbGGpse0IMjqVW64DFjU7uZRgjYRY589kocotZqEaf,info@albuquerqueflorist.com,,google,no,,pending
Allabloomflorist,,floristry,https://www.allabloomflorist.com/?srsltid=AfmBOoqjyUOh9ptyGSdJDpfAlCiskbCihr-UYb28zmYYoHUuQM0OioVq,,https://www.allabloomflorist.com/about,google,no,,pending
Appleblossomswest,,floristry,https://appleblossomswest.com/,,https://appleblossomswest.com/contact/,google,no,2026-06-13,pending
Avant Gardens,,floristry,https://avant-gardens.com/miami-florist-flower-delivery/?srsltid=AfmBOoo_ZP4VsCbGk2011Xz7XAGd8EPoAUSz0ivMdV9qExcBZd13c4hP,info@avant-gardens.com,,google,no,,pending
Bloomcouturestudio,,floristry,https://bloomcouturestudio.com/,info.bloomcouturehaus@gmail.com,,google,no,,pending
Bloommaven,,floristry,https://www.bloommaven.com/,info@bloommaven.com,,google,no,2026-06-10,pending
Bostoncityflorist,,floristry,https://www.bostoncityflorist.com/,,https://www.bostoncityflorist.com/get-in-touch,google,no,,pending
Brambleandstem,,floristry,https://brambleandstem.com/,,https://brambleandstem.com/contact/,google,no,,pending
Casasflowers,,floristry,https://www.casasflowers.com/?srsltid=AfmBOoowFlGgGE_1TIlXPzxUj2_Gyw1a_TQ_rgEfuODmBDPngA34jC5H,,https://www.casasflowers.com/contact,google,no,,pending
Centralsquareflorist,,floristry,https://www.centralsquareflorist.com/?srsltid=AfmBOoqtxyydL3Ya0WZsZHZTmLvkoqmLPzhaRJQynFL8FzxFkid_ySYy,,https://www.centralsquareflorist.com/contact,google,no,,pending
Colibripdx,,floristry,https://www.colibripdx.com/shop,flowers@colibripdx.com,,google,no,,pending
Crestwoodflowers,,floristry,https://www.crestwoodflowers.net/,,https://www.crestwoodflowers.net/contact_us.php,google,no,,pending
Dollysflorist,,floristry,https://dollysflorist.com/?srsltid=AfmBOorZPJuuT8nrMh7_i0i9CQEDAdp8HCegycp38ajT_aA_PGu1pssp,info@dollysflorist.com,,google,no,,pending
Ericsflowermarket,,floristry,https://ericsflowermarket.com/?srsltid=AfmBOor1WupAPQZaeBPtM_fQBH1AsUkDqqFvVqYoym_zhu6hDQIkMlSM,ericsflowermarket@gmail.com,,google,no,2026-06-10,pending
Everwildflorals,,floristry,https://everwildflorals.com/?srsltid=AfmBOoqj33SQIv5VAHWgF5hMWpdhrO077ONlTdPEON6d7UsHoQQ2nY9X,info@everwildflorals.com,,google,no,,pending
Everwildflorals,,floristry,https://everwildflorals.com/?srsltid=AfmBOormGsBGQ9MaG2HJIJLoIh1VLY-n91JPdxutgTLuIpbm_5YNKv01,info@everwildflorals.com,,google,no,,pending
Fiddlyfig,,floristry,https://fiddlyfig.com/?srsltid=AfmBOorp-Sc2Lhb5QLx9Ry-z9mEnNavWgBAcv0DMXp_STMsCoGijQxOF,fiddlyfig@aol.com,,google,no,,pending
Fiddlyfig,,floristry,https://fiddlyfig.com/?srsltid=AfmBOopOmOEVM5cJLv_gtNHEwhmAMf4sabsZGuxOiUJW_qTghOB7xJE0,fiddlyfig@aol.com,,google,no,,pending
Flowersbyzachlow,,floristry,https://flowersbyzachlow.com/?srsltid=AfmBOooF45amdi10drf5jrAw4Me9nYCYhCJ6nrVK5Owo5pD-feNCiQ5A,flowersbyzl@gmail.com,,google,no,,pending
Flowersofcharlotte,,floristry,https://www.flowersofcharlotte.com/?srsltid=AfmBOopwg6207AZ9mA6ASkXGYCSBgz1LgRCg_PftwnKn73H9dx2uMIF6,wecare@flowersofcharlotte.com,,google,no,,pending
Gardenonthesquare,,floristry,https://www.gardenonthesquare.com/,gardenonthesquare99@gmail.com,,google,no,,pending
Greensandthingsflorist,,floristry,https://www.greensandthingsflorist.com/,,https://www.greensandthingsflorist.com/contact_us.php,google,no,,pending
Hilaryhorvath,,floristry,https://www.hilaryhorvath.com/,hi@hilaryhorvath.com,,google,no,,pending
Ildflowerportland,,floristry,https://wildflowerportland.com/,hello@wildflowerportland.com,,google,no,,pending
Inglisflorists,,floristry,https://www.inglisflorists.com/,michaelbutterbrodt@hotmail.com,,google,no,,pending
Ldflowerscharlotte,,floristry,https://www.ldflowerscharlotte.com/,ldflowers2008@yahoo.com,,google,no,,pending
Miamigardensflorist,,floristry,https://miamigardensflorist.com/?srsltid=AfmBOorbOBsdX-vA5JRwW0m8JLghAg1HKhajlzsAQ11CSOe0OuSx4B77,info@miamigardensflorist.com,,google,no,,pending
Orkofartflowers,,floristry,https://www.workofartflowers.org/,,https://www.workofartflowers.org/contact_us.php,google,no,,pending
Peoplesflowers,,floristry,https://www.peoplesflowers.com/?srsltid=AfmBOoooPfY9dmG76x3XYxq4IRw31EosxApU_YRMiijZOkI9DVPLXd1V,,https://www.peoplesflowers.com/contact,google,no,,pending
Rouvalisflowers,,floristry,https://www.rouvalisflowers.com/,info@rouvalisflowers.com,,google,no,,pending
Sellwoodflowerco,,floristry,https://sellwoodflowerco.com/?srsltid=AfmBOormJuh7V31M4nBc31T_NLAWZnwWO_9emC_wyUVd_l2ElyQ1bFNU,info@sellwoodflowerco.com,,google,no,,pending
Signaturesweetsandflowers,,floristry,https://www.signaturesweetsandflowers.com/,,https://www.signaturesweetsandflowers.com/contact_us.php,google,no,,pending
Solabeeflowers,,floristry,https://www.solabeeflowers.com/collections/fresh-flower-delivery-portland?srsltid=AfmBOop2nujGPtQwxfDm-Jay_WfnKMGYFjBMWwzlvNnPONtIya4t-kMp,hello@solabeeflowers.com,,google,no,,pending
Southflorals,,floristry,https://www.southflorals.com/?srsltid=AfmBOoqnZ9Sxj5rbFG_B3LD4KqqB6VKSIPOsP4KsikV-CfTLB2IRR-xl,,https://www.southflorals.com/pages/contact,google,no,,pending
Stevesfloralshopinc,,floristry,https://stevesfloralshopinc.com/?srsltid=AfmBOootqIqjeqkTT1Ypz1laR0dmPCmSCnTLrLFiveduAQoOTPbUMJMr,stevesfloralshop@sbcglobal.net,,google,no,,pending
Sunnyflorists,,floristry,https://sunnyflorists.com/boston-florist-flower-delivery/?srsltid=AfmBOoo0BgHWSoZS2UiP7y8OtEahWIe1LI4atIFpzIQXlmfrVj2dJskm,info@sunnyflorists.com,,google,no,,pending
Theflowerstudiobyshilo,,floristry,https://theflowerstudiobyshilo.com/?srsltid=AfmBOoqJPBGxngErD12IT7iZVrnORybb7MfRdCVkAQbeL3Csmb8wcNpH,flowers@theflowerstudiobyshilo.com,,google,no,,pending
Toblersflowers,,floristry,https://www.toblersflowers.com/?srsltid=AfmBOop6u5BMsbWIV4Fkto5PaXwLbv6e39fRA50oLIa6B6VS2vQPQo6j,,https://www.toblersflowers.com/contact,google,no,,pending
Toblersflowers,,floristry,https://www.toblersflowers.com/?srsltid=AfmBOoqqUJ9y2FiW4JVg4MsytavHFq4WNpdx_lpDTumhV3cDK0mHdMEB,,https://www.toblersflowers.com/contact,google,no,,pending
Trappflowers,,floristry,https://trappflowers.com/?srsltid=AfmBOorVELXwbc_2ymvTq4cYEWMzu8BVPs85lSRX6cP3TX5qtqr8Iqqp,info@trappandcompany.com,,google,no,,pending
Triasflowers,,floristry,https://www.triasflowers.com/?srsltid=AfmBOoqRkryTwUs3bVFx_uxsbFsHnHiVs2jqfZZRkCt-aq17VwKeIEX7,,https://www.triasflowers.com/contact,google,no,,pending
Urbanpoppy,,floristry,https://urbanpoppy.com/,hello@urbanpoppy.com,,google,no,,pending
Yosiscreations,,floristry,https://yosiscreations.net/,,https://yosiscreations.net/pages/contact,google,no,2026-06-12,pending
BrambleGroveBoutique,,handmade jewelry,https://bramblegroveboutique.patternbyetsy.com/,,https://bramblegroveboutique.patternbyetsy.com/contact-us,etsy,no,,pending
Carmelhomes,,interior design,https://www.carmelhomes.com.au/amazing-australian-interior-design,myhome@carmelhomes.com.au,,google,no,,pending
Christophertracydesign,,interior design,https://christophertracydesign.com/,christophertracydesign@gmail.com,,google,no,,pending
Decorilla,,interior design,https://www.decorilla.com/online-decorating/albuquerque-interior-designers-near-me/,help@decorilla.com,,google,no,,pending
Denlifeinteriors,,interior design,https://www.denlifeinteriors.com/,tor@denlife.co.uk,,google,no,,pending
Designseven,,interior design,https://www.designseven.co.uk/journal/meet-design-seven,info@designseven.co.uk,,google,no,,pending
Dsasociety,,interior design,https://www.dsasociety.org/interior-designers/newmexico/,aadesign@afweb.com,,google,no,,pending
Elixirinteriordesign,,interior design,http://www.elixirinteriordesign.co.uk/,hello@elixirinteriordesign.co.uk,,google,no,,pending
Fromwhere,,interior design,https://fromwhere.com/blogs/best-interior-designer/best-interior-designers-albuquerque-nm?srsltid=AfmBOorz50wS8IBAt631yzMwW5xdPAjGDQWMgjNIF7F0XQgmIY5USAs8,hello@fromwhere.com,,google,no,,pending
Georginagibsoninteriordesign,,interior design,https://georginagibsoninteriordesign.co.uk/,info@georginagibsoninteriordesign.co.uk,,google,no,,pending
Homestolove,,interior design,https://www.homestolove.com.au/home-tours/kristy-mcgregor-house-21306/,advertising@aremedia.co.nz,,google,no,,pending
Jeannettesalazar,,interior design,https://www.jeannettesalazar.com/,design@jeannettesalazar.com,,google,no,,pending
Leighannelamarreinteriors,,interior design,https://www.leighannelamarreinteriors.com/,samantha@leighannelamarreinteriors.com,,google,no,,pending
Patriciandesign,,interior design,https://patriciandesign.com/,shop@patriciandesign.com,,google,no,,pending
Pfeifferdesign,,interior design,https://www.pfeifferdesign.co.uk/,info@pfeifferdesign.co.uk,,google,no,,pending
Robmills,,interior design,https://www.robmills.com.au/sydney/bondi-beach,contact@robmills.com.au,,google,no,,pending
Schargelinteriors,,interior design,https://schargelinteriors.com/,,https://schargelinteriors.com/contact/,google,no,,pending
Sjsinteriordesign,,interior design,https://sjsinteriordesign.com.au/north-bondi,danielle@sjs.design,,google,no,,pending
Spatialharmony,,interior design,https://spatialharmony.net/,marisa@spatialharmony.net,,google,no,,pending
Susanvenn,,interior design,https://susanvenn.com/interior-designer-brighton/,,https://susanvenn.com/contact/,google,no,,pending
Adviceactually,,life coaching,https://adviceactually.com/,,https://adviceactually.com/contact/,google,no,,pending
Anunstoppablelife,,life coaching,https://anunstoppablelife.com/,hello@anunstoppablelife.com,,google,no,,pending
Blindspotsintobutterflies,,life coaching,https://blindspotsintobutterflies.com/,hello@blindspotsintobutterflies.com,,google,no,,pending
Careertraining,,life coaching,https://careertraining.sdsu.edu/training-programs/certified-professional-life-coach/,,https://careertraining.sdsu.edu/contact,google,no,,pending
Clearmindcounselingsd,,life coaching,https://www.clearmindcounselingsd.com/executive-life-coaching,intakes@clearmindcounselingsd.com,,google,no,,pending
Coachkalina,,life coaching,https://www.coachkalina.com/life-coach-in-san-diego-everything-about-life-coaching/,info@coachkalina.com,,google,no,,pending
Cogbtherapy,,life coaching,https://cogbtherapy.com/life-coach-los-angeles,info@cogbtherapy.com,,google,no,,pending
Counselingphoenixscottsdale,,life coaching,https://www.counselingphoenixscottsdale.com/category/life-coaching/,info@crossroadsfcc.com,,google,no,,pending
Deborahgerard,,life coaching,https://www.deborahgerard.com/,,https://www.deborahgerard.com/contact,google,no,,pending
Gratitude6,,life coaching,https://www.gratitude6.com/,,https://www.gratitude6.com/contact,google,no,,pending
Halehhcoaching,,life coaching,https://www.halehhcoaching.co.uk/life-coach-notting-hill/,info@halehhcoaching.co.uk,,google,no,,pending
Integrativeasheville,,life coaching,https://www.integrativeasheville.org/health-coaching/,,https://www.integrativeasheville.org/contact,google,no,,pending
Jonhandelman,,life coaching,https://jonhandelman.com/,,https://jonhandelman.com/get-in-touch-life-coach-in-asheville-nc/,google,no,,pending
Katieseaver,,life coaching,https://www.katieseaver.com/best-life-coach-los-angeles-ca,katie@katieseaver.com,,google,no,,pending
Klearminds,,life coaching,https://www.klearminds.com/therapies/life-coaching-sessions/,info@klearminds.co.uk,,google,no,,pending
Lifecoach,,life coaching,https://www.lifecoach.london/,hello@lifecoach.london,,google,no,,pending
Lifecoaching4Men,,life coaching,https://www.lifecoaching4men.com/,ben@lifecoaching4men.com,,google,no,,pending
Lifepurposeinstitute,,life coaching,https://lifepurposeinstitute.com/san-diego-life-coach-training/,info@lifepurposeinstitute.com,,google,no,,pending
Lisabrownlifecoach,,life coaching,https://www.lisabrownlifecoach.com/,,https://www.lisabrownlifecoach.com/contact,google,no,,pending
Malonecollective,,life coaching,https://malonecollective.com/services/life-coaching/,info@malonecollective.com,,google,no,,pending
Mentalhealthproviders,,life coaching,https://mentalhealthproviders.org/facilities/lifetutors/,,https://mentalhealthproviders.org/contact-us,google,no,,pending
Michelleshahbazyan,,life coaching,https://www.michelleshahbazyan.com/,michshahbazyan@gmail.com,,google,no,,pending
Mindsetbymackenzie,,life coaching,https://mindsetbymackenzie.com/,mackenzie@mindsetbymackenzie.com,,google,no,,pending
Mylatherapy,,life coaching,https://mylatherapy.com/blog/life-coaching/,,https://mylatherapy.com/contact,google,no,,pending
Naturaltherapypages,,life coaching,https://www.naturaltherapypages.com.au/cognitive/vic/fitzroy_north/life_coaching,,https://www.naturaltherapypages.com.au/connect/chungs/service/10725?contactId=10725,google,no,,pending
Nickhatter,,life coaching,https://www.nickhatter.com/,,https://www.nickhatter.com/contact,google,no,,pending
Noomii,,life coaching,https://www.noomii.com/life-coach-Pittsburgh-Pennsylvania,,https://www.noomii.com/contact-us,google,no,,pending
Noomii,,life coaching,https://www.noomii.com/life-coach-asheville-north_carolina,,https://www.noomii.com/contact-us,google,no,,pending
Psychologytoday,,life coaching,https://www.psychologytoday.com/us/therapists/pa/pittsburgh?category=life-coaching,,https://www.psychologytoday.com/about,google,no,,pending
Psychologytoday,,life coaching,https://www.psychologytoday.com/us/therapists/wa/seattle?category=life-coaching,,https://www.psychologytoday.com/about,google,no,,pending
Psychologytoday,,life coaching,https://www.psychologytoday.com/us/therapists/ma/boston?category=life-coaching,,https://www.psychologytoday.com/about,google,no,,pending
Psychologytoday,,life coaching,https://www.psychologytoday.com/us/therapists/az/scottsdale?category=life-coaching,,https://www.psychologytoday.com/about,google,no,,pending
Psychologytoday,,life coaching,https://www.psychologytoday.com/us/therapists/ca/santa-monica?category=life-coaching,,https://www.psychologytoday.com/about,google,no,,pending
Psychologytoday,,life coaching,https://www.psychologytoday.com/us/therapists/ca/san-diego?category=life-coaching,,https://www.psychologytoday.com/about,google,no,,pending
Psychologytoday,,life coaching,https://www.psychologytoday.com/us/therapists/nc/asheville?category=life-coaching,,https://www.psychologytoday.com/about,google,no,,pending
Psychologytoday,,life coaching,https://www.psychologytoday.com/gb/counselling/eng/london/notting-hill?category=life-coaching,,https://www.psychologytoday.com/about,google,no,,pending
Resolutionstreatment,,life coaching,https://resolutionstreatment.com/life-coaching/,info@resolutionstreatment.com,,google,no,,pending
Scottsdaleprivatephysicians,,life coaching,https://www.scottsdaleprivatephysicians.com/services/lifestyle-coaching,,https://www.scottsdaleprivatephysicians.com/contactus,google,no,,pending
Vitaliscoaching,,life coaching,https://www.vitaliscoaching.com/contact/life-career-executive-coach-therapist-london-city,info@vitaliscoaching.com,,google,no,,pending
Bellasante,,massage therapy,https://bellasante.com/pages/massage-service-menu?srsltid=AfmBOor7CHgaK8z6kC-tn-gMl3_-3MvCTy_MJiDY-jfsFuYFd0sw6z1H,,https://bellasante.com/pages/contact-bella-sante,google,no,,pending
Bluorchidabq,,massage therapy,https://www.bluorchidabq.com/,bluorchidabq@gmail.com,,google,no,,pending
Bodywavesboston,,massage therapy,https://www.bodywavesboston.com/,,https://www.bodywavesboston.com/contact,google,no,,pending
Booksy,,massage therapy,https://booksy.com/en-us/s/massage/22412_boston,,https://booksy.com/en-us/p/contact,google,no,,pending
Bostonmagazine,,massage therapy,https://www.bostonmagazine.com/health/best-massage-in-boston/,,https://www.bostonmagazine.com/contact/,google,no,,pending
Brooklynnetwellness,,massage therapy,https://brooklynnetwellness.onbuildhealth.com/,,https://brooklynnetwellness.onbuildhealth.com/contact,google,no,,pending
Elementsmassage,,massage therapy,https://elementsmassage.com/scottsdale-lincoln/massage-therapist,info@elementsmassage.com,,google,no,,pending
Handsonhealthny,,massage therapy,http://www.handsonhealthny.com/massage-therapy,jenniekix@aol.com,,google,no,,pending
Healthgrades,,massage therapy,https://www.healthgrades.com/massage-therapy-directory/wa-washington/seattle,,https://www.healthgrades.com/about,google,no,,pending
Hotdoc,,massage therapy,https://www.hotdoc.com.au/find/remedial-massage-therapist/NSW/newtown-2042,,https://www.hotdoc.com.au/contact,google,no,,pending
Illaspadc,,massage therapy,https://illaspadc.com/,,https://illaspadc.com/contact-us-%26-faq,google,no,,pending
Massagebook,,massage therapy,https://www.massagebook.com/search/NM/Albuquerque/massage-therapy,,https://www.massagebook.com/contact,google,no,,pending
Massagebook,,massage therapy,https://www.massagebook.com/search/WA/Seattle/massage-therapy,solespringreflexology@gmail.com,,google,no,,pending
Melissablmt,,massage therapy,https://www.melissablmt.com/,melissa.massagetherapy@gmail.com,,google,no,,pending
Naturesenergy,,massage therapy,https://www.naturesenergy.com.au/pages/massage-newtown?srsltid=AfmBOooCsQXv1S-aXXuz7h30N3IbtWYt8T_HhjxdXV9-na5TarJIjgbP,info@naturesenergy.com.au,,google,no,,pending
Oceanbluemedicalmassage,,massage therapy,https://oceanbluemedicalmassage.abmp.com/home,oceanbluemedicalmassage@gmail.com,,google,no,,pending
Redmoonwellness,,massage therapy,https://redmoonwellness.com/,office@redmoonwellness.com,,google,no,,pending
Scottsdale Massage,,massage therapy,https://scottsdale-massage.com/,allisoncarmodylmt@gmail.com,,google,no,,pending
Seattlemassageoasis,,massage therapy,https://www.seattlemassageoasis.com/,contact@seattleoasis.com,,google,no,,pending
Slopewellnessny,,massage therapy,https://slopewellnessny.com/,info@slopewellnessny.com,,google,no,,pending
Themassagesanctuary,,massage therapy,https://themassagesanctuary.com/,info@themassagesanctuary.com,,google,no,,pending
Thenowmassage,,massage therapy,https://www.thenowmassage.com/boutique/north-scottsdale,scottsdale@thenowmassage.com,,google,no,,pending
Thinkvida,,massage therapy,https://thinkvida.com/services/massage-therapy/,,https://thinkvida.com/contact/#contactform,google,no,,pending
Tmwmassage,,massage therapy,https://www.tmwmassage.net/,,https://www.tmwmassage.net/contactbooking.html,google,no,,pending
Lifecoachroundrock,,mindset coaching,https://www.lifecoachroundrock.com/,info@lifecoachroundrock.com,,google,no,,pending
Michaelsnydercoaching,,mindset coaching,https://michaelsnydercoaching.com/,,https://michaelsnydercoaching.com/contact,google,no,,pending
Alpinenutrition,,nutrition coaching,https://alpinenutrition.org/,,https://alpinenutrition.org/contact/,google,no,,pending
Amystephensnutrition,,nutrition coaching,https://www.amystephensnutrition.com/,info@amystephensnutrition.com,,google,no,,pending
Bostonnutritionist,,nutrition coaching,https://www.bostonnutritionist.net/,contact@bostonnutritionist.net,,google,no,,pending
Brisbanepaediatricnutrition,,nutrition coaching,https://www.brisbanepaediatricnutrition.com/,,https://www.brisbanepaediatricnutrition.com/contact.html,google,no,,pending
Childrenshospital,,nutrition coaching,https://www.childrenshospital.org/services/nutrition-center,,https://www.childrenshospital.org/services/nutrition-center/contact-us,google,no,,pending
Codman,,nutrition coaching,https://www.codman.org/medical-service/nutrition/,cherish.lamar-smith@codman.org,,google,no,,pending
Fitzroynorthdoctors,,nutrition coaching,https://fitzroynorthdoctors.com.au/dietitian-nutrition/,info@fitzroynorthdoctors.com.au,,google,no,,pending
Gbfb,,nutrition coaching,https://www.gbfb.org/what-we-do/takeda-center-community-health-nutrition/improving-nutrition/,nutrition@gbfb.org,,google,no,,pending
Healthdirect,,nutrition coaching,https://www.healthdirect.gov.au/australian-health-services/search/fitzroy-3065-vic/dietetics/310090003,communications@healthdirect.org.au,,google,no,,pending
Healthgrades,,nutrition coaching,https://www.healthgrades.com/diet-nutrition-directory/ma-massachusetts/south-boston,,https://www.healthgrades.com/about,google,no,,pending
Healthshare,,nutrition coaching,https://www.healthshare.com.au/profile/professional/511526-ms-erin-russell/,hello@healthshare.com.au,,google,no,,pending
Healthyhorns,,nutrition coaching,https://www.healthyhorns.utexas.edu/uhs/nutrition.html,,https://www.healthyhorns.utexas.edu/contact.html,google,no,,pending
Hoyaeats,,nutrition coaching,https://www.hoyaeats.com/nutrition-program/,pierce-amanda1@aramark.com,,google,no,,pending
Hoyaeats,,nutrition coaching,https://www.hoyaeats.com/nutrition-program/,pierce-amanda1@aramark.com,,google,no,,pending
Idahonutritionassociates,,nutrition coaching,https://www.idahonutritionassociates.com/,info@idahonutrition.com,,google,no,,pending
Katebrocknutrition,,nutrition coaching,https://katebrocknutrition.com/,katebrocknutrition@gmail.com,,google,no,,pending
Katebrocknutrition,,nutrition coaching,https://katebrocknutrition.com/,katebrocknutrition@gmail.com,,google,no,,pending
Kellylivingwell,,nutrition coaching,https://www.kellylivingwell.com/,kellylivingwell@gmail.com,,google,no,,pending
Medstarhealth,,nutrition coaching,https://www.medstarhealth.org/services/nutrition-counseling,,https://www.medstarhealth.org/contact,google,no,,pending
Medstarhealth,,nutrition coaching,https://www.medstarhealth.org/services/dietary-treatments,,https://www.medstarhealth.org/contact,google,no,,pending
Menshealthboston,,nutrition coaching,https://www.menshealthboston.com/services/nutrition-counseling-boston/,info@menshealthboston.com,,google,no,,pending
Myrescuemd,,nutrition coaching,https://www.myrescuemd.com/nutritionist-seattle-wa/,,https://www.myrescuemd.com/contact/,google,no,,pending
Nourish,,nutrition coaching,https://www.nourish.com/local-dietitians/washington-dc,info@ilivewellnutrition.com,,google,no,,pending
Nourish,,nutrition coaching,https://www.nourish.com/local-dietitians/boise-idaho,info@ilivewellnutrition.com,,google,no,,pending
Nourishedcolorado,,nutrition coaching,https://nourishedcolorado.com/,hello@nourishedcolorado.com,,google,no,,pending
Nourishedrootsrd,,nutrition coaching,https://nourishedrootsrd.com/,emily@nourishedrootsrd.com,,google,no,,pending
Nutritionbydesign,,nutrition coaching,https://nutritionbydesign.llc/meet-the-team/,,https://nutritionbydesign.llc/contact/,google,no,,pending
Nutritionforliving,,nutrition coaching,https://nutritionforliving.net/,nutritionforliving.dietetics@gmail.com,,google,no,,pending
Nutritionwisdom,,nutrition coaching,https://nutritionwisdom.com.au/,hello@nutritionwisdom.com.au,,google,no,,pending
Nynutritiongroup,,nutrition coaching,https://www.nynutritiongroup.com/,info@nynutritiongroup.com,,google,no,,pending
Pacificmedicalcenters,,nutrition coaching,https://www.pacificmedicalcenters.org/what-we-do/dietitian/,,https://www.pacificmedicalcenters.org/contact-us/,google,no,,pending
Rdemily,,nutrition coaching,https://www.rdemily.com/about,brianna@rdemily.com,,google,no,,pending
Rosielettsnutrition,,nutrition coaching,https://www.rosielettsnutrition.com/,,https://www.rosielettsnutrition.com/contact,google,no,,pending
Sollusnutritiontherapy,,nutrition coaching,https://www.sollusnutritiontherapy.com/contact,huntjanelle@gmail.com,,google,no,,pending
Southdenvergi,,nutrition coaching,https://southdenvergi.com/conditions-procedures/services/nutrition/,angela@dailydietetics.com,,google,no,,pending
Southshorehealth,,nutrition coaching,https://www.southshorehealth.org/wellness/nutrition,,https://www.southshorehealth.org#contactMenu,google,no,,pending
Spauldingrehab,,nutrition coaching,https://spauldingrehab.org/locations/boston-outpatient/conditions-services/nutrition,,https://spauldingrehab.org/contact,google,no,,pending
Texnutrition,,nutrition coaching,https://texnutrition.com/locations/georgetown/,brenda@texnutrition.com,,google,no,,pending
Theneighbourhood,,nutrition coaching,https://www.theneighbourhood.clinic/madeline-law,info@theneighbourhood.clinic,,google,no,,pending
Theneighbourhood,,nutrition coaching,https://www.theneighbourhood.clinic/dietetics,info@theneighbourhood.clinic,,google,no,,pending
Activebryantsystems,,personal training,https://activebryantsystems.com/top-rated-personal-trainer-in-clapham-junction/?srsltid=AfmBOoqKP7jPTqEX3Ei8HKLBDzm-198Fh9pA_-pmq4sLlQWhuYwxsO6S,,https://activebryantsystems.com/get-in-touch/,google,no,,pending
Amyknipe,,personal training,https://amyknipe.com/,amy-knipe@hotmail.com,,google,no,,pending
Chriskeithpersonaltraining,,personal training,https://chriskeithpersonaltraining.com/,,https://chriskeithpersonaltraining.com/contact,google,no,,pending
Coreandmorefitness,,personal training,https://coreandmorefitness.co.uk/best-personal-trainer-near-me-clapham/,,https://coreandmorefitness.co.uk/contact-us/,google,no,2026-06-12,pending
Edinburghpersonaltrainer,,personal training,https://edinburghpersonaltrainer.com/,heatliemike@gmail.com,,google,no,,pending
Elitetrainingsandiego,,personal training,https://elitetrainingsandiego.com/,,https://elitetrainingsandiego.com/contact-us/,google,no,2026-06-11,pending
Enchantedstrength,,personal training,https://www.enchantedstrength.com/,nikaston@enchantedstrength.com,,google,no,2026-06-02,pending
Erkfitness,,personal training,https://www.werkfitness.com/best-personal-trainers-san-diego,info@werkfitness.com,,google,no,2026-06-04,pending
Fbdindy,,personal training,https://www.fbdindy.com/,getfit@fbdindy.com,,google,no,,pending
Fcindy,,personal training,https://www.fcindy.com/,,https://www.fcindy.com/contact,google,no,,pending
Fitnessfirst,,personal training,https://www.fitnessfirst.co.uk/find-a-gym/london-clapham-junction,claphamjunctionstation@fitnessfirst.co.uk,,google,no,,pending
Fitnesstrainer,,personal training,https://fitnesstrainer.com/albuquerque/personal-trainer,,https://fitnesstrainer.com/contact-us,google,no,,pending
Fittolast,,personal training,https://fittolast.co.uk/,ali@fittolast.co.uk,,google,no,,pending
Formfittrainers,,personal training,https://formfittrainers.com/personal-trainers/hannah-pithers/,hannah@formfittrainers.com,,google,no,,pending
Indymobilefitness,,personal training,https://indymobilefitness.com/,robby@indymobilefitness.com,,google,no,,pending
Instituteofpersonaltrainers,,personal training,https://instituteofpersonaltrainers.com/blog/best-personal-trainers-edinburgh,,https://instituteofpersonaltrainers.com/contact,google,no,,pending
Jcfitness,,personal training,https://jcfitness.co.uk/,hello@jcfitness.co.uk,,google,no,,pending
Jorgerojo,,personal training,https://jorgerojo.uk/,jorgerojopt@gmail.com,,google,no,,pending
Loscampeonesgym,,personal training,https://loscampeonesgym.com/personal-trainers/,alex.makomadefitness@gmail.com,,google,no,,pending
Maxnrgpt,,personal training,https://www.maxnrgpt.com.au/about/meet-the-trainers/alana-downie/,info@maxnrgpt.com.au,,google,no,2026-06-04,pending
Mcfitness,,personal training,https://www.mcfitness.net/,martin@mcfitness.net,,google,no,,pending
Mossonutritionandfitness,,personal training,https://www.mossonutritionandfitness.com/personal-training,,https://www.mossonutritionandfitness.com/contact,google,no,2026-06-13,pending
Naturalfitnessabq,,personal training,https://www.naturalfitnessabq.com/,,https://www.naturalfitnessabq.com/contact-us,google,no,2026-06-11,pending
Nptiarizona,,personal training,https://nptiarizona.com/personal-trainers/,info@nptiaz.com,,google,no,,pending
Nrpt,,personal training,http://www.nrpt.co.uk/london/personal-trainers-clapham-common.htm,,http://www.nrpt.co.uk/contact/index.htm,google,no,2026-06-12,pending
Nufitness,,personal training,https://nufitness.com.au/personal-training-st-kilda/,info@nufitness.com.au,,google,no,2026-06-04,pending
Odingafitness,,personal training,https://odingafitness.com/,info@odingafitness.com,,google,no,,pending
Oneflare,,personal training,https://www.oneflare.com.au/personal-trainer/vic/st-kilda,,https://www.oneflare.com.au/contact,google,no,,pending
Personaltrainingbyalisonsmith,,personal training,https://personaltrainingbyalisonsmith.com/,alisonsmithcpt@gmail.com,,google,no,,pending
Physiquesgym,,personal training,https://physiquesgym.net/,,https://physiquesgym.net/contact-us,google,no,2026-06-14,pending
Powerflexgym,,personal training,https://powerflexgym.com/albuquerque-ne-heights/training/,,https://powerflexgym.com/albuquerque-ne-heights/contact-us/,google,no,2026-06-11,pending
Puregym,,personal training,https://www.puregym.com/gyms/london-clapham/personal-trainers/,,https://www.puregym.com/contact,google,no,,pending
Sandiegopersonaltraining,,personal training,https://sandiegopersonaltraining.com/,sdptstudio@gmail.com,,google,no,2026-06-04,pending
Sdpersonaltrainer,,personal training,https://sdpersonaltrainer.com/,,https://sdpersonaltrainer.com/contact/,google,no,,pending
Southpacifichc,,personal training,https://www.southpacifichc.com.au/clubs/st-kilda-club/,,https://www.southpacifichc.com.au/contact-us/,google,no,2026-06-11,pending
Sport Exercise,,personal training,https://sport-exercise.ed.ac.uk/keep-active/personal-training,edinburgh.sports.clinic@ed.ac.uk,,google,no,,pending
Stkildafitnesstrainer,,personal training,https://stkildafitnesstrainer.com.au/,,https://stkildafitnesstrainer.com.au/contact/,google,no,,pending
Studiomefitness,,personal training,https://www.studiomefitness.com/,contact@studiomefitness.com,,google,no,,pending
Telosstrength,,personal training,https://telosstrength.com/,info@telosstrength.com,,google,no,,pending
Thehuntsc,,personal training,https://thehuntsc.com.au/trainer,info@thehuntsc.com.au,,google,no,2026-06-04,pending
Tightenup,,personal training,https://tightenup.com.au/,info@tightenup.com.au,,google,no,2026-06-04,pending
Toddsmithfitness Az,,personal training,https://toddsmithfitness-az.com/,,https://toddsmithfitness-az.com/contact/,google,no,,pending
Trifitwellness,,personal training,https://www.trifitwellness.com/,alli@trifitwellness.com,,google,no,,pending
Tucsonracquetclub,,personal training,https://tucsonracquetclub.com/personal-training/,bcolwill@tucsonracquetclub.com,,google,no,,pending
Tucsonymca,,personal training,https://tucsonymca.org/personal-training/,,https://tucsonymca.org/contact-us/,google,no,,pending
Undergroundfitnessaz,,personal training,https://undergroundfitnessaz.com/,mailto:northphoenix@ufitaz.com,,google,no,,pending
Villagegym,,personal training,https://www.villagegym.co.uk/pt/edinburgh-personal-training/,,https://www.villagegym.co.uk/contact-us/,google,no,,pending
Ymcacnm,,personal training,https://ymcacnm.org/adult-programs/health-well-being/personal-fitness/,,https://ymcacnm.org/join/military-outreach/,google,no,,pending
Ymcashr,,personal training,https://www.ymcashr.org/personal-training-ymca-edinburgh,,https://www.ymcashr.org/sign-up/contact,google,no,2026-06-12,pending
Yourpersonaltraineredinburgh,,personal training,https://yourpersonaltraineredinburgh.com/,hello@athlosfitness.co.uk,,google,no,,pending
Zarasmalley,,personal training,https://www.zarasmalley.com/personal-trainer-clapham,zaradaisysmalley@gmail.com,,google,no,,pending
Alignpilatesstudios,,pilates,https://www.alignpilatesstudios.com/,,https://www.alignpilatesstudios.com/contact,google,no,,pending
Balletaustin,,pilates,https://balletaustin.org/pilates/get-started-with-pilates-reformer-classes-downtown-austin/,danceandfitness@balletaustin.org,,google,no,,pending
Beyondpilates,,pilates,https://beyondpilates.com/,,https://beyondpilates.com/contact/,google,no,,pending
Erapilatesindy,,pilates,https://erapilatesindy.com/,mary@erapilates.com,,google,no,2026-06-10,pending
Invokestudio,,pilates,https://www.invokestudio.com/,info@invokestudio.com,,google,no,2026-06-12,pending
Jetsetpilates,,pilates,https://jetsetpilates.com/fl/downtown-miami/,downtownmiami@jetsetpilates.com,,google,no,,pending
Jetsetpilates,,pilates,https://jetsetpilates.com/tx/south-austin/,southaustin@jetsetpilates.com,,google,no,,pending
K Kru,,pilates,https://www.k-kru.com/,info@k-kru.com,,google,no,,pending
Lafitness,,pilates,https://www.lafitness.com/Pages/clubhome.aspx?clubid=1010,contactus@fitnessintl.com,,google,no,,pending
Latespilates,,pilates,https://latespilates.com/,hello@latespilates.com,,google,no,,pending
Madeinpgh,,pilates,https://madeinpgh.com/lifestyle/pilates-studios-in-pittsburgh%EF%BF%BC/,,https://madeinpgh.com/contact/,google,no,2026-06-12,pending
Miamipilates,,pilates,https://www.miamipilates.co/,info@miamipilates.co,,google,no,,pending
Mvmthouseindy,,pilates,https://www.mvmthouseindy.com/,hello@mvmthouseindy.com,,google,no,2026-06-10,pending
Pilates Underground,,pilates,https://www.pilates-underground.com/,megan@pilates-underground.com,,google,no,,pending
Pilatescollective,,pilates,https://www.pilatescollective.org/,hello@pilatescollective.org,,google,no,,pending
Pilatesmn,,pilates,https://www.pilatesmn.com/,alex.pilatesmn@gmail.com,,google,no,,pending
Pilatesroomstudios,,pilates,https://www.pilatesroomstudios.com/,info@pilatesroomstudios.com,,google,no,,pending
Reformedatlanta,,pilates,https://reformedatlanta.com/,hannah@reformedatlanta.com,,google,no,,pending
Reformingindy,,pilates,https://www.reformingindy.com/,,https://www.reformingindy.com/contact,google,no,2026-06-12,pending
Reformpilatespittsburgh,,pilates,https://reformpilatespittsburgh.com/,info@reformpilatespittsburgh.com,,google,no,,pending
Ritualmoves,,pilates,https://ritualmoves.com/,austin@ritualmoves.com,,google,no,,pending
Spacesunna,,pilates,https://www.spacesunna.com/,contact@spacesunna.com,,google,no,,pending
Stellarpilatespgh,,pilates,https://www.stellarpilatespgh.com/,contact@stellarpilatespgh.com,,google,no,,pending
Strongpilates,,pilates,https://strongpilates.co/location/austin-w6th/,austinw6th@strongpilates.co,,google,no,,pending
Studioreformpilates,,pilates,https://www.studioreformpilates.com/,hello@studioreformpilates.com,,google,no,,pending
Theatelierpilates,,pilates,https://www.theatelierpilates.com/,info@theatelierpilates.com,,google,no,,pending
Thebrickellbabes,,pilates,https://thebrickellbabes.com/blog/the-most-aesthetic-pilates-studios-in-miami-that-also-deliver-a-serious-burn,hello@thebrickellbabes.com,,google,no,,pending
Thedailypilates,,pilates,https://www.thedailypilates.com/,,https://www.thedailypilates.com/about,google,no,,pending
Thestudiopilates,,pilates,https://thestudiopilates.com/,questions@thestudiopilates.com,,google,no,,pending
Vpvibrantpilates,,pilates,https://www.vpvibrantpilates.com/,info@vpvibrantpilates.com,,google,no,,pending
Craftofcharisma,,relationship coaching,https://www.craftofcharisma.com/dating-coach-albuquerque/,contact@craftofcharisma.com,,google,no,,pending
Elevationcounseling,,relationship coaching,https://www.elevationcounseling.com/,office@elevationcounseling.com,,google,no,,pending
Bridgemindbody,,therapy,https://www.bridgemindbody.com/,angel@bridgemindbody.com,,google,no,,pending
Calmpittsburgh,,therapy,https://www.calmpittsburgh.com/,info@calmpittsburgh.com,,google,no,,pending
Clapham Counselling,,therapy,https://clapham-counselling.co.uk/,bradleysky@me.com,,google,no,,pending
Counselingwellnesspgh,,therapy,https://counselingwellnesspgh.com/,info@counselingwellnesspgh.com,,google,no,,pending
Counsellingclaphamsw4,,therapy,https://counsellingclaphamsw4.co.uk/,,https://counsellingclaphamsw4.co.uk/contact-me,google,no,,pending
Drkatieashcroft,,therapy,https://www.drkatieashcroft.com/,kt@drkatieashcroft.com,,google,no,,pending
Elliementalhealth,,therapy,https://elliementalhealth.com/locations/upper-st-clair-pa/,,https://elliementalhealth.com/contact/,google,no,,pending
Emotionclinic,,therapy,https://www.emotionclinic.co.uk/,em@emotionclinic.co.uk,,google,no,,pending
Findapsychologist,,therapy,https://www.findapsychologist.org/cities/psychologists-in-pittsburgh/,,https://www.findapsychologist.org/psychologists/anthony-mannarino/#contact,google,no,,pending
Harleypsychologygroup,,therapy,https://harleypsychologygroup.com/locations/clapham-therapy/,info@harleypsychologygroup.com,,google,no,,pending
Innerjourneycounselingpittsburgh,,therapy,https://www.innerjourneycounselingpittsburgh.com/,contact@ijcpgh.com,,google,no,,pending
Innovativefamilytherapy,,therapy,https://innovativefamilytherapy.com/,connect@innovativefamilytherapy.com,,google,no,,pending
Lifestance,,therapy,https://lifestance.com/provider/therapist/ut/salt-lake-city/,,https://lifestance.com/contact/,google,no,,pending
Louisvillegracepsychological,,therapy,https://louisvillegracepsychological.com/,,https://louisvillegracepsychological.com/contact/,google,no,,pending
Lucyreidpsychotherapy,,therapy,https://lucyreidpsychotherapy.com/,lucyreidpsychotherapy@gmail.com,,google,no,,pending
Mentalhealthmatch,,therapy,https://mentalhealthmatch.com/browse-therapists/minnesota/minneapolis,,https://mentalhealthmatch.com/contact-us,google,no,,pending
Mentalhealthmatch,,therapy,https://mentalhealthmatch.com/browse-therapists/utah/salt-lake-city,,https://mentalhealthmatch.com/contact-us,google,no,,pending
Nottinghill Counselling,,therapy,https://www.nottinghill-counselling.co.uk/,%20info@nottinghill-counselling.co.uk,,google,no,,pending
Nottinghilltherapy,,therapy,https://nottinghilltherapy.co.uk/,marcusgottlieb@gmail.com,,google,no,,pending
Onetherapy,,therapy,https://www.onetherapy.london/counselling-kensington-notting-hill/,info@onetherapy.london,,google,no,,pending
Pghpsychotherapy,,therapy,https://www.pghpsychotherapy.com/,,https://www.pghpsychotherapy.com/index.php/contactus/client-portal,google,no,,pending
Psychologytoday,,therapy,https://www.psychologytoday.com/us/therapists/mn/minneapolis,,https://www.psychologytoday.com/about,google,no,,pending
Psychologytoday,,therapy,https://www.psychologytoday.com/us/therapists/ut/salt-lake-city,,https://www.psychologytoday.com/about,google,no,,pending
Psychologytoday,,therapy,https://www.psychologytoday.com/au/counselling/qld/brisbane,,https://www.psychologytoday.com/about,google,no,,pending
Psychologytoday,,therapy,https://www.psychologytoday.com/us/therapists/pa/pittsburgh,,https://www.psychologytoday.com/about,google,no,,pending
Psychologytoday,,therapy,https://www.psychologytoday.com/gb/counselling/eng/london/notting-hill,,https://www.psychologytoday.com/about,google,no,,pending
Renewcounselingservices,,therapy,https://www.renewcounselingservices.org/,renewcounselinglouisville@gmail.com,,google,no,,pending
Seattleanxiety,,therapy,https://seattleanxiety.com/our-therapists,info@seattleanxiety.com,,google,no,,pending
Selfspaceseattle,,therapy,https://www.selfspaceseattle.com/,connect@selfspaceseattle.com,,google,no,,pending
Serenitycounselingpittsburgh,,therapy,https://www.serenitycounselingpittsburgh.com/,,https://www.serenitycounselingpittsburgh.com/contact,google,no,,pending
Thecenterforcounselingarts,,therapy,https://www.thecenterforcounselingarts.com/,,https://www.thecenterforcounselingarts.com/contactus/index.html,google,no,,pending
Twincitiestherapyandcounseling,,therapy,https://twincitiestherapyandcounseling.com/,,https://twincitiestherapyandcounseling.com/contact-us-twin-cities/,google,no,,pending
Valiantmindscounseling,,therapy,https://www.valiantmindscounseling.com/,therapy@valiantmindscounseling.com,,google,no,,pending
Amykolo,,wedding photography,https://amykolo.com/,amy@amykolo.com,,google,no,,pending
Ateiaphotography,,wedding photography,https://ateiaphotography.com.au/category/weddings/encore-st-kilda-beach/,info@ateiaphotography.com.au,,google,no,,pending
Aubreyelizabethphotography,,wedding photography,https://www.aubreyelizabethphotography.com/,aloha@aubreyelizabethphotography.com,,google,no,,pending
Bellaannphotography,,wedding photography,https://bellaannphotography.com/,bellaannphotography@gmail.com,,google,no,,pending
Bostonmagazine,,wedding photography,https://www.bostonmagazine.com/best-of-boston-archive/award/wedding-photographer/,,https://www.bostonmagazine.com/contact/,google,no,,pending
Carriewildes,,wedding photography,https://www.carriewildes.com/,info@carriewildes.com,,google,no,,pending
Columbus,,wedding photography,https://columbus.wedsociety.com/article/wedding-photographers-columbus/,,https://columbus.wedsociety.com/contact-us/,google,no,,pending
Daninicolephotography,,wedding photography,https://www.daninicolephotography.com/,hello@daninicolephotography.com,,google,no,,pending
Evokephotoandfilm,,wedding photography,https://evokephotoandfilm.com/,hello@evokephotoandfilm.com,,google,no,,pending
Freshphotography,,wedding photography,https://www.freshphotography.com.au/st-kilda-beach-wedding-photography/,mail@freshphotography.com.au,,google,no,,pending
Idaliaphotography,,wedding photography,https://www.idaliaphotography.com/hoboken-engagement-photographer-megan-mike/,info@idaliaphotography.com,,google,no,,pending
Jasonmizephotography,,wedding photography,https://www.jasonmizephotography.com/,jason@jasonmizephotography.com,,google,no,,pending
Kandkphotography,,wedding photography,https://kandkphotography.com/,info@kandkphotography.com,,google,no,,pending
Kimlorraine,,wedding photography,https://kimlorraine.com/,kim@kimlorraine.com,,google,no,,pending
Kyleeyee,,wedding photography,https://www.kyleeyee.com/circa-the-deck-st-kilda-wedding-photographer-steph-glenn/,hello@kyleeyee.com,,google,no,,pending
Lenamirisolaphoto,,wedding photography,https://lenamirisolaphoto.com/,,https://lenamirisolaphoto.com/contact,google,no,,pending
Lizzieburgerphoto,,wedding photography,https://www.lizzieburgerphoto.com/blog/hoboken-nj-engagement,lizzie@lizzieburgerphoto.com,,google,no,,pending
Mariepapp,,wedding photography,https://www.mariepapp.com/,info@mariepapp.com,,google,no,,pending
Momentstolife,,wedding photography,https://www.momentstolife.com.au/encore-st-kilda-wedding-photography-ts/,momentstolifephotography@gmail.com,,google,no,,pending
Ninaweinsteinphotography,,wedding photography,https://ninaweinsteinphotography.com/,,https://ninaweinsteinphotography.com/contact,google,no,,pending
Redfinchphotography,,wedding photography,https://www.redfinchphotography.com.au/photographer-st-kilda/,info@redfinchphotography.com.au,,google,no,,pending
Rosaphoto,,wedding photography,https://rosaphoto.com.au/,info@rosaphoto.com.au,,google,no,,pending
Smautumnphoto,,wedding photography,https://smautumnphoto.com/,smautumnphoto@gmail.com,,google,no,,pending
Studioaimages,,wedding photography,https://studioaimages.com/,adena@studioaimages.com,,google,no,,pending
Treephotovideo,,wedding photography,https://www.treephotovideo.net.au/encore-st-kilda-beach-wedding-photography-jt/,hello@treephotovideo.net.au,,google,no,,pending
Ashtangayogaatlanta,,yoga,https://www.ashtangayogaatlanta.com/,,https://www.ashtangayogaatlanta.com/about,google,no,,pending
Atlantayogainstructor,,yoga,https://atlantayogainstructor.com/,,https://atlantayogainstructor.com/contact,google,no,,pending
