lead_id,business_name,niche,website,contact_form_url,draft_file
f86081c4,Joannegrobbelaar,business coaching,https://joannegrobbelaar.com/1-to-1-coaching/,https://joannegrobbelaar.com/contact/,/Users/janeair/Documents/AI/switzertemplates/outputs/leads/outreach-drafts/f86081c4-joannegrobbelaar-contact-form.txt
c900e9ca,Nolaeventplanners,event planning,https://www.nolaeventplanners.com/,https://www.nolaeventplanners.com/contact-us,/Users/janeair/Documents/AI/switzertemplates/outputs/leads/outreach-drafts/c900e9ca-nolaeventplanners-contact-form.txt
b55c78c0,Allthingsorganizedkc,home organizing,https://allthingsorganizedkc.com/,https://allthingsorganizedkc.com/contact/,/Users/janeair/Documents/AI/switzertemplates/outputs/leads/outreach-drafts/b55c78c0-allthingsorganizedkc-contact-form.txt
90278a14,Katejames,business coaching,https://katejames.com.au/business-coaching/,https://katejames.com.au/contact/,/Users/janeair/Documents/AI/switzertemplates/outputs/leads/outreach-drafts/90278a14-katejames-contact-form.txt
93062699,Vanessavaliente,personal styling,https://vanessavaliente.com/,https://vanessavaliente.com/contact/,/Users/janeair/Documents/AI/switzertemplates/outputs/leads/outreach-drafts/93062699-vanessavaliente-contact-form.txt
f63268f7,Vstyleblog,personal styling,https://vstyleblog.com/,https://vstyleblog.com/about,/Users/janeair/Documents/AI/switzertemplates/outputs/leads/outreach-drafts/f63268f7-vstyleblog-contact-form.txt
f4f5f5e0,Instituteofcoaching,business coaching,https://instituteofcoaching.org/resourcefile/identity-and-legitimacy-emerging-profession-health-coaching/9383,https://instituteofcoaching.org/about,/Users/janeair/Documents/AI/switzertemplates/outputs/leads/outreach-drafts/f4f5f5e0-instituteofcoaching-contact-form.txt
b2362986,Headspace,health coaching,https://www.headspace.com,https://www.headspace.com/contact-us,/Users/janeair/Documents/AI/switzertemplates/outputs/leads/outreach-drafts/b2362986-headspace-contact-form.txt
a70bd7f2,Denverconvention,event planning,https://denverconvention.com,https://denverconvention.com/contact-us,/Users/janeair/Documents/AI/switzertemplates/outputs/leads/outreach-drafts/a70bd7f2-denverconvention-contact-form.txt
7b465635,Brooklynbridgeparents,interior design,https://brooklynbridgeparents.com,https://brooklynbridgeparents.com/contact-us/,/Users/janeair/Documents/AI/switzertemplates/outputs/leads/outreach-drafts/7b465635-brooklynbridgeparents-contact-form.txt
5f0baafc,Ziprecruiter,life coaching,https://www.ziprecruiter.com,"https://www.ziprecruiter.com/Jobs/Remote-Contact-Tracing/-in-Albuquerque,NM",/Users/janeair/Documents/AI/switzertemplates/outputs/leads/outreach-drafts/5f0baafc-ziprecruiter-contact-form.txt
7d80ad6e,Womenshealthmag,relationship coaching,https://www.womenshealthmag.com,https://www.womenshealthmag.com/relationships/a43753786/no-contact-rule/,/Users/janeair/Documents/AI/switzertemplates/outputs/leads/outreach-drafts/7d80ad6e-womenshealthmag-contact-form.txt
08d3f430,Beverlyberesford,health coaching,https://beverlyberesford.com,https://beverlyberesford.com/contact-us/,/Users/janeair/Documents/AI/switzertemplates/outputs/leads/outreach-drafts/08d3f430-beverlyberesford-contact-form.txt
4ccde06d,Viviamedspatampa,esthetics,https://www.viviamedspatampa.com,https://www.viviamedspatampa.com/contact-5-1,/Users/janeair/Documents/AI/switzertemplates/outputs/leads/outreach-drafts/4ccde06d-viviamedspatampa-contact-form.txt
b231c903,Wisdomwithinct,relationship coaching,https://wisdomwithinct.com,https://wisdomwithinct.com/contact-me-east-lyme-therapy-niantic-therapy-child-therapist-teen-therapist-creative-counseling-walk-and-talk-therapy-eating-disorder-therapy/,/Users/janeair/Documents/AI/switzertemplates/outputs/leads/outreach-drafts/b231c903-wisdomwithinct-contact-form.txt
4db52c48,Abigailgreyweddings,wedding photography,https://abigailgreyweddings.com,https://abigailgreyweddings.com/contact,/Users/janeair/Documents/AI/switzertemplates/outputs/leads/outreach-drafts/4db52c48-abigailgreyweddings-contact-form.txt
b964190a,Crystalimagephoto,wedding photography,https://www.crystalimagephoto.com,https://www.crystalimagephoto.com/contact-us-crystal-image.html,/Users/janeair/Documents/AI/switzertemplates/outputs/leads/outreach-drafts/b964190a-crystalimagephoto-contact-form.txt
04fb0158,Fiscalfitnessphx,financial coaching,https://fiscalfitnessphx.com,https://fiscalfitnessphx.com/contact-us/,/Users/janeair/Documents/AI/switzertemplates/outputs/leads/outreach-drafts/04fb0158-fiscalfitnessphx-contact-form.txt
82ca37c8,Bethhaleydesign,interior design,https://www.bethhaleydesign.com,https://www.bethhaleydesign.com/contact/,/Users/janeair/Documents/AI/switzertemplates/outputs/leads/outreach-drafts/82ca37c8-bethhaleydesign-contact-form.txt
2ca2803d,Soulmedicaspa,esthetics,https://www.soulmedicaspa.com,https://www.soulmedicaspa.com/contact-us,/Users/janeair/Documents/AI/switzertemplates/outputs/leads/outreach-drafts/2ca2803d-soulmedicaspa-contact-form.txt
e4fb49e4,Winknj,esthetics,https://www.winknj.com,https://www.winknj.com/contact/,/Users/janeair/Documents/AI/switzertemplates/outputs/leads/outreach-drafts/e4fb49e4-winknj-contact-form.txt
40bdec34,Form Function,home organizing,https://www.form-function.pro,https://www.form-function.pro/contact-home-relocation-organizer,/Users/janeair/Documents/AI/switzertemplates/outputs/leads/outreach-drafts/40bdec34-form-function-contact-form.txt
75e30018,Nathanphillipsweddings,wedding photography,https://nathanphillipsweddings.com,https://nathanphillipsweddings.com/contact/,/Users/janeair/Documents/AI/switzertemplates/outputs/leads/outreach-drafts/75e30018-nathanphillipsweddings-contact-form.txt
53eb752c,Drvanderhorst,therapy,https://drvanderhorst.com,https://drvanderhorst.com/contact-a-virtual-therapist-in-maryland/,/Users/janeair/Documents/AI/switzertemplates/outputs/leads/outreach-drafts/53eb752c-drvanderhorst-contact-form.txt
22c32b12,Drjenniferkessmann,health coaching,https://www.drjenniferkessmann.com,https://www.drjenniferkessmann.com/contact/,/Users/janeair/Documents/AI/switzertemplates/outputs/leads/outreach-drafts/22c32b12-drjenniferkessmann-contact-form.txt
dd37efc1,Thetidygirl,home organizing,https://www.thetidygirl.com,https://www.thetidygirl.com/contact-the-tidy-girl-organizing,/Users/janeair/Documents/AI/switzertemplates/outputs/leads/outreach-drafts/dd37efc1-thetidygirl-contact-form.txt
e2fc65bd,Robingonzalesinteriors,interior design,https://robingonzalesinteriors.com,https://robingonzalesinteriors.com/contact/,/Users/janeair/Documents/AI/switzertemplates/outputs/leads/outreach-drafts/e2fc65bd-robingonzalesinteriors-contact-form.txt
3057ec83,Alignwholehealth,health coaching,https://www.alignwholehealth.com,https://www.alignwholehealth.com/copy-of-contact,/Users/janeair/Documents/AI/switzertemplates/outputs/leads/outreach-drafts/3057ec83-alignwholehealth-contact-form.txt
02556418,Livingwellnutrition,nutrition coaching,https://www.livingwellnutrition.com,https://www.livingwellnutrition.com/contact-loveland-functional-nutritionist/,/Users/janeair/Documents/AI/switzertemplates/outputs/leads/outreach-drafts/02556418-livingwellnutrition-contact-form.txt
07238543,Sageandsoulinteriors,interior design,https://sageandsoulinteriors.com,https://sageandsoulinteriors.com/contact,/Users/janeair/Documents/AI/switzertemplates/outputs/leads/outreach-drafts/07238543-sageandsoulinteriors-contact-form.txt
9aa9c3b6,Getminimized,home organizing,https://getminimized.com,https://getminimized.com/contact,/Users/janeair/Documents/AI/switzertemplates/outputs/leads/outreach-drafts/9aa9c3b6-getminimized-contact-form.txt
890cb15d,Anunstoppablelife,life coaching,https://anunstoppablelife.com,https://anunstoppablelife.com/contact/,/Users/janeair/Documents/AI/switzertemplates/outputs/leads/outreach-drafts/890cb15d-anunstoppablelife-contact-form.txt
245d70df,Gracespacechristiancoaching,life coaching,https://www.gracespacechristiancoaching.com,https://www.gracespacechristiancoaching.com/contact,/Users/janeair/Documents/AI/switzertemplates/outputs/leads/outreach-drafts/245d70df-gracespacechristiancoaching-contact-form.txt
3fe6249e,Aspiredperformance,life coaching,https://www.aspiredperformance.com,https://www.aspiredperformance.com/contact,/Users/janeair/Documents/AI/switzertemplates/outputs/leads/outreach-drafts/3fe6249e-aspiredperformance-contact-form.txt
23dcd39d,Dohertynutrition,nutrition coaching,https://dohertynutrition.com,https://dohertynutrition.com/contact/,/Users/janeair/Documents/AI/switzertemplates/outputs/leads/outreach-drafts/23dcd39d-dohertynutrition-contact-form.txt
5c5deb05,Gingerhultinnutrition,nutrition coaching,https://gingerhultinnutrition.com,https://gingerhultinnutrition.com/contact-puget-sound-area-nutritionist-ginger-hultin/,/Users/janeair/Documents/AI/switzertemplates/outputs/leads/outreach-drafts/5c5deb05-gingerhultinnutrition-contact-form.txt
a64df3dc,Theshalomimaginative,wedding photography,https://theshalomimaginative.com,https://theshalomimaginative.com/entry_form/contact/,/Users/janeair/Documents/AI/switzertemplates/outputs/leads/outreach-drafts/a64df3dc-theshalomimaginative-contact-form.txt
c4520b35,Brandiebaird,wedding photography,https://brandiebaird.com,https://brandiebaird.com/contact,/Users/janeair/Documents/AI/switzertemplates/outputs/leads/outreach-drafts/c4520b35-brandiebaird-contact-form.txt
f296ca70,Robzweerman,business coaching,https://robzweerman.com,https://robzweerman.com/contact-us/,/Users/janeair/Documents/AI/switzertemplates/outputs/leads/outreach-drafts/f296ca70-robzweerman-contact-form.txt
1a0c28e0,Secondwindcc,life coaching,https://www.secondwindcc.com,https://www.secondwindcc.com/contact,/Users/janeair/Documents/AI/switzertemplates/outputs/leads/outreach-drafts/1a0c28e0-secondwindcc-contact-form.txt
120f600a,Lianamadera,nutrition coaching,https://lianamadera.com,https://lianamadera.com/contact/,/Users/janeair/Documents/AI/switzertemplates/outputs/leads/outreach-drafts/120f600a-lianamadera-contact-form.txt
5106cfae,Carolinagreenliving,nutrition coaching,https://www.carolinagreenliving.com,https://www.carolinagreenliving.com/contact,/Users/janeair/Documents/AI/switzertemplates/outputs/leads/outreach-drafts/5106cfae-carolinagreenliving-contact-form.txt
b6aef4ed,Succulentskindayspa,esthetics,https://www.succulentskindayspa.com,https://www.succulentskindayspa.com/contact,/Users/janeair/Documents/AI/switzertemplates/outputs/leads/outreach-drafts/b6aef4ed-succulentskindayspa-contact-form.txt
40c43946,Gettherapie,therapy,https://gettherapie.com,https://gettherapie.com/contact/,/Users/janeair/Documents/AI/switzertemplates/outputs/leads/outreach-drafts/40c43946-gettherapie-contact-form.txt
3c6a5fe4,Kylegoldie,business coaching,https://kylegoldie.com,https://kylegoldie.com/contact,/Users/janeair/Documents/AI/switzertemplates/outputs/leads/outreach-drafts/3c6a5fe4-kylegoldie-contact-form.txt
a029a1c8,Bs9Interiordesign,interior design,https://www.bs9interiordesign.co.uk,https://www.bs9interiordesign.co.uk/contact,/Users/janeair/Documents/AI/switzertemplates/outputs/leads/outreach-drafts/a029a1c8-bs9interiordesign-contact-form.txt
711d41b8,Hannahredden,interior design,https://www.hannahredden.co.uk,https://www.hannahredden.co.uk/contact,/Users/janeair/Documents/AI/switzertemplates/outputs/leads/outreach-drafts/711d41b8-hannahredden-contact-form.txt
8567c66a,Lorimelnitsky,business coaching,https://www.lorimelnitsky.com,https://www.lorimelnitsky.com/contact,/Users/janeair/Documents/AI/switzertemplates/outputs/leads/outreach-drafts/8567c66a-lorimelnitsky-contact-form.txt
30998e47,Savannahtphotography,wedding photography,https://savannahtphotography.com,https://savannahtphotography.com/contact/,/Users/janeair/Documents/AI/switzertemplates/outputs/leads/outreach-drafts/30998e47-savannahtphotography-contact-form.txt
74f9cabe,Businesscoachoforegon,business coaching,https://www.businesscoachoforegon.com,https://www.businesscoachoforegon.com/contact.html,/Users/janeair/Documents/AI/switzertemplates/outputs/leads/outreach-drafts/74f9cabe-businesscoachoforegon-contact-form.txt
38095620,Aligntoday,business coaching,https://aligntoday.com,https://aligntoday.com/contact/,/Users/janeair/Documents/AI/switzertemplates/outputs/leads/outreach-drafts/38095620-aligntoday-contact-form.txt
238ed3c2,Thrivetimeshow,business coaching,https://www.thrivetimeshow.com,https://www.thrivetimeshow.com/business-coach-contact/,/Users/janeair/Documents/AI/switzertemplates/outputs/leads/outreach-drafts/238ed3c2-thrivetimeshow-contact-form.txt
7e750f8a,Relationshipcoach360,relationship coaching,https://www.relationshipcoach360.com,https://www.relationshipcoach360.com/contact,/Users/janeair/Documents/AI/switzertemplates/outputs/leads/outreach-drafts/7e750f8a-relationshipcoach360-contact-form.txt
eb2b18f5,Tailoredorganizing,home organizing,https://www.tailoredorganizing.com,https://www.tailoredorganizing.com/contact,/Users/janeair/Documents/AI/switzertemplates/outputs/leads/outreach-drafts/eb2b18f5-tailoredorganizing-contact-form.txt
52954789,Robynrhodes,handmade jewelry,https://robynrhodes.com,https://robynrhodes.com/pages/contact-us,/Users/janeair/Documents/AI/switzertemplates/outputs/leads/outreach-drafts/52954789-robynrhodes-contact-form.txt
f4a3bf05,Osoy,handmade candles,https://www.osoy.me,https://www.osoy.me/pages/contact-us,/Users/janeair/Documents/AI/switzertemplates/outputs/leads/outreach-drafts/f4a3bf05-osoy-contact-form.txt
78731682,Northrivercandlecompany,handmade candles,https://northrivercandlecompany.com,https://northrivercandlecompany.com/policies/contact-information,/Users/janeair/Documents/AI/switzertemplates/outputs/leads/outreach-drafts/78731682-northrivercandlecompany-contact-form.txt
1cf8f475,Juliawalther,ceramic pottery,https://www.juliawalther.com,https://www.juliawalther.com/contact,/Users/janeair/Documents/AI/switzertemplates/outputs/leads/outreach-drafts/1cf8f475-juliawalther-contact-form.txt
6c3efc29,Northwestceramicstudio,ceramic pottery,https://northwestceramicstudio.com,https://northwestceramicstudio.com/contact/,/Users/janeair/Documents/AI/switzertemplates/outputs/leads/outreach-drafts/6c3efc29-northwestceramicstudio-contact-form.txt
5936fb2b,Mariasarapatterndesign,print on demand,https://www.mariasarapatterndesign.com,https://www.mariasarapatterndesign.com/contact-help,/Users/janeair/Documents/AI/switzertemplates/outputs/leads/outreach-drafts/5936fb2b-mariasarapatterndesign-contact-form.txt
0f343723,Michaelbarnumstudio,interior design,https://www.michaelbarnumstudio.com,https://www.michaelbarnumstudio.com/contact,/Users/janeair/Documents/AI/switzertemplates/outputs/leads/outreach-drafts/0f343723-michaelbarnumstudio-contact-form.txt
38e0e2de,Lisagilmoredesign,interior design,https://lisagilmoredesign.com,https://lisagilmoredesign.com/contact,/Users/janeair/Documents/AI/switzertemplates/outputs/leads/outreach-drafts/38e0e2de-lisagilmoredesign-contact-form.txt
953f4777,Thenewyorkstylist,personal styling,https://thenewyorkstylist.com,https://thenewyorkstylist.com/contact/,/Users/janeair/Documents/AI/switzertemplates/outputs/leads/outreach-drafts/953f4777-thenewyorkstylist-contact-form.txt
e1a1b01f,Bethdivinestyle,personal styling,https://bethdivinestyle.com,https://bethdivinestyle.com/contact/,/Users/janeair/Documents/AI/switzertemplates/outputs/leads/outreach-drafts/e1a1b01f-bethdivinestyle-contact-form.txt
43cddacd,Nhcr,health coaching,https://www.nhcr.life,https://www.nhcr.life/contact/,/Users/janeair/Documents/AI/switzertemplates/outputs/leads/outreach-drafts/43cddacd-nhcr-contact-form.txt
0de9655d,Thebeaconpsychotherapy,therapy,https://www.thebeaconpsychotherapy.com,https://www.thebeaconpsychotherapy.com/contact,/Users/janeair/Documents/AI/switzertemplates/outputs/leads/outreach-drafts/0de9655d-thebeaconpsychotherapy-contact-form.txt
6be0deec,Abacusrow,handmade jewelry,https://www.abacusrow.com,https://www.abacusrow.com/pages/contact,/Users/janeair/Documents/AI/switzertemplates/outputs/leads/outreach-drafts/6be0deec-abacusrow-contact-form.txt
930002b6,Chamomilebotanicals,handmade skincare,https://www.chamomilebotanicals.com,https://www.chamomilebotanicals.com/contact,/Users/janeair/Documents/AI/switzertemplates/outputs/leads/outreach-drafts/930002b6-chamomilebotanicals-contact-form.txt
52c23312,Candlesmith,handmade candles,https://candlesmith.com,https://candlesmith.com/contact-us/,/Users/janeair/Documents/AI/switzertemplates/outputs/leads/outreach-drafts/52c23312-candlesmith-contact-form.txt
926aaa1b,Macaelamade,print on demand,https://www.macaelamade.com,https://www.macaelamade.com/contact-us,/Users/janeair/Documents/AI/switzertemplates/outputs/leads/outreach-drafts/926aaa1b-macaelamade-contact-form.txt
3e6ac62d,Partytimeevents,event planning,https://www.partytimeevents.com,https://www.partytimeevents.com/contact-us,/Users/janeair/Documents/AI/switzertemplates/outputs/leads/outreach-drafts/3e6ac62d-partytimeevents-contact-form.txt
bd895bf8,Scienceofhappinessandsuccess,health coaching,https://scienceofhappinessandsuccess.com,https://scienceofhappinessandsuccess.com/contact/,/Users/janeair/Documents/AI/switzertemplates/outputs/leads/outreach-drafts/bd895bf8-scienceofhappinessandsuccess-contact-form.txt
a7093276,Livecleanhealthcoachingprogram,health coaching,https://www.livecleanhealthcoachingprogram.com,https://www.livecleanhealthcoachingprogram.com/pages/contact,/Users/janeair/Documents/AI/switzertemplates/outputs/leads/outreach-drafts/a7093276-livecleanhealthcoachingprogram-contact-form.txt
a9b87c4c,Christyclarkphotos,wedding photography,https://www.christyclarkphotos.com,https://www.christyclarkphotos.com/contact,/Users/janeair/Documents/AI/switzertemplates/outputs/leads/outreach-drafts/a9b87c4c-christyclarkphotos-contact-form.txt
896a5012,Lavenderandmist,handmade candles,https://www.lavenderandmist.com,https://www.lavenderandmist.com/aboutcontact-us,/Users/janeair/Documents/AI/switzertemplates/outputs/leads/outreach-drafts/896a5012-lavenderandmist-contact-form.txt
a9f4917c,Givemeamug,ceramic pottery,https://www.givemeamug.com,https://www.givemeamug.com/contact/,/Users/janeair/Documents/AI/switzertemplates/outputs/leads/outreach-drafts/a9f4917c-givemeamug-contact-form.txt
00931b08,Katepugsley,print on demand,https://www.katepugsley.com,https://www.katepugsley.com/contact,/Users/janeair/Documents/AI/switzertemplates/outputs/leads/outreach-drafts/00931b08-katepugsley-contact-form.txt
a27f4820,Summerkimdesign,interior design,https://www.summerkimdesign.com,https://www.summerkimdesign.com/contact,/Users/janeair/Documents/AI/switzertemplates/outputs/leads/outreach-drafts/a27f4820-summerkimdesign-contact-form.txt
fa01f35c,Savvyinterior,interior design,https://www.savvyinterior.co.uk,https://www.savvyinterior.co.uk/contact,/Users/janeair/Documents/AI/switzertemplates/outputs/leads/outreach-drafts/fa01f35c-savvyinterior-contact-form.txt
7afae5ba,Nutripanda,nutrition coaching,https://www.nutripanda.com,https://www.nutripanda.com/contact-us,/Users/janeair/Documents/AI/switzertemplates/outputs/leads/outreach-drafts/7afae5ba-nutripanda-contact-form.txt
ae330fb9,Danabassdesigns,interior design,https://www.danabassdesigns.com,https://www.danabassdesigns.com/contact,/Users/janeair/Documents/AI/switzertemplates/outputs/leads/outreach-drafts/ae330fb9-danabassdesigns-contact-form.txt
5dac0342,Sdvinteriors,interior design,https://www.sdvinteriors.com,https://www.sdvinteriors.com/contact,/Users/janeair/Documents/AI/switzertemplates/outputs/leads/outreach-drafts/5dac0342-sdvinteriors-contact-form.txt
490c099b,Ascendbusinesscoach,business coaching,https://www.ascendbusinesscoach.com,https://www.ascendbusinesscoach.com/contact-2/,/Users/janeair/Documents/AI/switzertemplates/outputs/leads/outreach-drafts/490c099b-ascendbusinesscoach-contact-form.txt
8eb5bfd3,Hopeplacetx,life coaching,https://www.hopeplacetx.com,https://www.hopeplacetx.com/contact,/Users/janeair/Documents/AI/switzertemplates/outputs/leads/outreach-drafts/8eb5bfd3-hopeplacetx-contact-form.txt
9562ed47,Shortorderorganizing,home organizing,https://www.shortorderorganizing.com,https://www.shortorderorganizing.com/contact,/Users/janeair/Documents/AI/switzertemplates/outputs/leads/outreach-drafts/9562ed47-shortorderorganizing-contact-form.txt
9db84652,Drcarolschumacher,health coaching,https://www.drcarolschumacher.com,https://www.drcarolschumacher.com/contact,/Users/janeair/Documents/AI/switzertemplates/outputs/leads/outreach-drafts/9db84652-drcarolschumacher-contact-form.txt
642cd75d,Planetnaturopath,nutrition coaching,https://www.planetnaturopath.com,https://www.planetnaturopath.com/contact/,/Users/janeair/Documents/AI/switzertemplates/outputs/leads/outreach-drafts/642cd75d-planetnaturopath-contact-form.txt
7e7a0337,Ben Green,life coaching,https://ben-green.co.uk,https://ben-green.co.uk/contact/,/Users/janeair/Documents/AI/switzertemplates/outputs/leads/outreach-drafts/7e7a0337-ben-green-contact-form.txt
2c18873e,Newyorkcitynutrition,nutrition coaching,https://newyorkcitynutrition.com,https://newyorkcitynutrition.com/contact/,/Users/janeair/Documents/AI/switzertemplates/outputs/leads/outreach-drafts/2c18873e-newyorkcitynutrition-contact-form.txt
12eff7dd,Robbmccormick,wedding photography,https://robbmccormick.com,https://robbmccormick.com/contact-me,/Users/janeair/Documents/AI/switzertemplates/outputs/leads/outreach-drafts/12eff7dd-robbmccormick-contact-form.txt
4e7e3387,Risingoakimages,wedding photography,https://risingoakimages.com,https://risingoakimages.com/contact,/Users/janeair/Documents/AI/switzertemplates/outputs/leads/outreach-drafts/4e7e3387-risingoakimages-contact-form.txt
1cc4fe85,Therapychanges,therapy,https://therapychanges.com,https://therapychanges.com/contact/,/Users/janeair/Documents/AI/switzertemplates/outputs/leads/outreach-drafts/1cc4fe85-therapychanges-contact-form.txt
4b872ee0,Drdeborahcosmetis,therapy,https://drdeborahcosmetis.com,https://drdeborahcosmetis.com/contact/,/Users/janeair/Documents/AI/switzertemplates/outputs/leads/outreach-drafts/4b872ee0-drdeborahcosmetis-contact-form.txt
